INSERT INTO courses (name)
VALUES ('AL');

INSERT INTO categories (name)
VALUES ('Adjectives'),
       ('Alphabet'),
       ('Animals'),
       ('Christmas'),
       ('Classroom Objects'),
       ('Clothing'),
       ('Colors'),
       ('Commands'),
       ('Family'),
       ('Feelings'),
       ('Food'),
       ('Greetings'),
       ('Household Objects'),
       ('Numbers'),
       ('Objects'),
       ('Occupations'),
       ('Opposites'),
       ('Places'),
       ('Pronouns'),
       ('Toys'),
       ('Verbs'),
       ('Weather')
ON CONFLICT DO NOTHING;

INSERT INTO cards (category, index)
VALUES ('Adjectives', 19),
       ('Adjectives', 20),
       ('Adjectives', 21),
       ('Adjectives', 22),
       ('Adjectives', 23),
       ('Adjectives', 24),
       ('Adjectives', 25),
       ('Adjectives', 26),
       ('Adjectives', 27),
       ('Adjectives', 28),
       ('Adjectives', 29),
       ('Adjectives', 30),
       ('Adjectives', 31),
       ('Adjectives', 32),
       ('Adjectives', 33),
       ('Alphabet', 1),
       ('Alphabet', 2),
       ('Alphabet', 3),
       ('Alphabet', 4),
       ('Alphabet', 5),
       ('Alphabet', 6),
       ('Alphabet', 7),
       ('Alphabet', 8),
       ('Alphabet', 9),
       ('Alphabet', 10),
       ('Alphabet', 11),
       ('Alphabet', 12),
       ('Alphabet', 13),
       ('Alphabet', 14),
       ('Alphabet', 15),
       ('Alphabet', 16),
       ('Alphabet', 17),
       ('Alphabet', 18),
       ('Alphabet', 19),
       ('Alphabet', 20),
       ('Alphabet', 21),
       ('Alphabet', 22),
       ('Alphabet', 23),
       ('Alphabet', 24),
       ('Alphabet', 25),
       ('Alphabet', 26),
       ('Animals', 7),
       ('Animals', 16),
       ('Animals', 21),
       ('Animals', 23),
       ('Animals', 25),
       ('Animals', 26),
       ('Animals', 27),
       ('Animals', 28),
       ('Animals', 29),
       ('Animals', 30),
       ('Animals', 31),
       ('Animals', 32),
       ('Animals', 33),
       ('Animals', 34),
       ('Animals', 35),
       ('Animals', 36),
       ('Animals', 37),
       ('Animals', 38),
       ('Animals', 39),
       ('Animals', 40),
       ('Animals', 41),
       ('Animals', 42),
       ('Animals', 43),
       ('Animals', 44),
       ('Animals', 45),
       ('Animals', 46),
       ('Animals', 47),
       ('Animals', 48),
       ('Animals', 49),
       ('Animals', 50),
       ('Animals', 51),
       ('Animals', 52),
       ('Animals', 53),
       ('Animals', 54),
       ('Animals', 55),
       ('Animals', 56),
       ('Christmas', 3),
       ('Christmas', 5),
       ('Christmas', 10),
       ('Christmas', 11),
       ('Classroom Objects', 4),
       ('Clothing', 1),
       ('Clothing', 2),
       ('Clothing', 9),
       ('Clothing', 14),
       ('Clothing', 16),
       ('Clothing', 31),
       ('Clothing', 33),
       ('Clothing', 34),
       ('Clothing', 47),
       ('Clothing', 48),
       ('Clothing', 49),
       ('Colors', 1),
       ('Colors', 2),
       ('Colors', 3),
       ('Colors', 4),
       ('Colors', 5),
       ('Colors', 6),
       ('Colors', 7),
       ('Colors', 8),
       ('Colors', 9),
       ('Colors', 10),
       ('Colors', 11),
       ('Colors', 13),
       ('Colors', 15),
       ('Colors', 16),
       ('Commands', 1),
       ('Commands', 2),
       ('Commands', 3),
       ('Commands', 4),
       ('Commands', 5),
       ('Commands', 6),
       ('Commands', 7),
       ('Commands', 8),
       ('Family', 40),
       ('Family', 41),
       ('Family', 42),
       ('Family', 43),
       ('Family', 44),
       ('Family', 45),
       ('Family', 46),
       ('Family', 47),
       ('Family', 48),
       ('Family', 49),
       ('Family', 50),
       ('Family', 51),
       ('Feelings', 1),
       ('Feelings', 2),
       ('Feelings', 3),
       ('Food', 3),
       ('Food', 20),
       ('Food', 29),
       ('Food', 30),
       ('Food', 32),
       ('Food', 41),
       ('Food', 45),
       ('Food', 51),
       ('Food', 84),
       ('Food', 92),
       ('Food', 95),
       ('Food', 96),
       ('Food', 97),
       ('Food', 98),
       ('Food', 99),
       ('Food', 100),
       ('Food', 101),
       ('Food', 102),
       ('Food', 103),
       ('Food', 104),
       ('Food', 105),
       ('Food', 106),
       ('Food', 107),
       ('Food', 108),
       ('Food', 109),
       ('Food', 110),
       ('Food', 111),
       ('Food', 112),
       ('Food', 113),
       ('Food', 114),
       ('Food', 115),
       ('Food', 116),
       ('Greetings', 1),
       ('Greetings', 2),
       ('Household Objects', 8),
       ('Household Objects', 36),
       ('Household Objects', 37),
       ('Household Objects', 38),
       ('Household Objects', 39),
       ('Household Objects', 40),
       ('Household Objects', 41),
       ('Household Objects', 42),
       ('Household Objects', 43),
       ('Household Objects', 44),
       ('Household Objects', 45),
       ('Household Objects', 46),
       ('Household Objects', 47),
       ('Household Objects', 48),
       ('Household Objects', 49),
       ('Household Objects', 50),
       ('Household Objects', 51),
       ('Numbers', 1),
       ('Numbers', 2),
       ('Numbers', 3),
       ('Numbers', 4),
       ('Numbers', 5),
       ('Numbers', 6),
       ('Numbers', 7),
       ('Numbers', 8),
       ('Numbers', 9),
       ('Numbers', 10),
       ('Numbers', 11),
       ('Numbers', 12),
       ('Objects', 4),
       ('Objects', 12),
       ('Objects', 19),
       ('Objects', 29),
       ('Objects', 30),
       ('Objects', 31),
       ('Objects', 32),
       ('Objects', 33),
       ('Objects', 34),
       ('Objects', 35),
       ('Occupations', 16),
       ('Occupations', 17),
       ('Opposites', 1),
       ('Opposites', 2),
       ('Opposites', 3),
       ('Opposites', 4),
       ('Places', 46),
       ('Places', 47),
       ('Places', 48),
       ('Places', 49),
       ('Places', 50),
       ('Pronouns', 3),
       ('Pronouns', 4),
       ('Toys', 1),
       ('Toys', 2),
       ('Toys', 24),
       ('Verbs', 26),
       ('Verbs', 29),
       ('Verbs', 65),
       ('Verbs', 66),
       ('Verbs', 67),
       ('Verbs', 68),
       ('Weather', 1),
       ('Weather', 4),
       ('Weather', 5),
       ('Weather', 6),
       ('Weather', 7),
       ('Weather', 8),
       ('Weather', 9),
       ('Weather', 10),
       ('Weather', 11),
       ('Weather', 12),
       ('Weather', 13),
       ('Weather', 14)
ON CONFLICT DO NOTHING;

INSERT INTO themes (name, course)
VALUES ('The Body', 'AL'),
       ('Colors', 'AL'),
       ('Colorful Animals', 'AL'),
       ('Food', 'AL'),
       ('Food and Animals', 'AL'),
       ('Animals', 'AL'),
       ('Around the House', 'AL'),
       ('Weather', 'AL'),
       ('Clothing', 'AL'),
       ('Fairy Tale', 'AL'),
       ('Springtime', 'AL');

INSERT INTO lessons (week, course, theme)
VALUES (1,  'AL', 'The Body'),
       (2,  'AL', 'The Body'),
       (3,  'AL', 'The Body'),
       (4,  'AL', 'Colors'),
       (5,  'AL', 'Colors'),
       (6,  'AL', 'Colors'),
       (7,  'AL', 'Colorful Animals'),
       (8,  'AL', 'Colorful Animals'),
       (9,  'AL', 'Colorful Animals'),
       (10, 'AL', 'Food'),
       (11, 'AL', 'Food'),
       (12, 'AL', 'Food'),
       (13, 'AL', 'Food'),
       (14, 'AL', 'Food and Animals'),
       (15, 'AL', 'Food and Animals'),
       (16, 'AL', 'Food and Animals'),
       (17, 'AL', 'Animals'),
       (18, 'AL', 'Animals'),
       (19, 'AL', 'Animals'),
       (20, 'AL', 'Food'),
       (21, 'AL', 'Food'),
       (22, 'AL', 'Food'),
       (23, 'AL', 'Around the House'),
       (24, 'AL', 'Around the House'),
       (25, 'AL', 'Around the House'),
       (26, 'AL', 'Weather'),
       (27, 'AL', 'Weather'),
       (28, 'AL', 'Clothing'),
       (29, 'AL', 'Clothing'),
       (30, 'AL', 'Clothing'),
       (31, 'AL', 'Fairy Tale'),
       (32, 'AL', 'Fairy Tale'),
       (33, 'AL', 'Fairy Tale'),
       (34, 'AL', 'Fairy Tale'),
       (35, 'AL', 'Springtime'),
       (36, 'AL', 'Springtime'),
       (37, 'AL', 'Springtime');

INSERT INTO materials (lesson_week, lesson_course, card_category, card_index)
VALUES (1, 'AL', 'Alphabet', 1),
       (1, 'AL', 'Alphabet', 2),
       (1, 'AL', 'Alphabet', 3),
       (1, 'AL', 'Alphabet', 4),
       (1, 'AL', 'Alphabet', 5),
       (1, 'AL', 'Alphabet', 6),
       (1, 'AL', 'Commands', 1),
       (1, 'AL', 'Commands', 2),
       (1, 'AL', 'Commands', 3),
       (1, 'AL', 'Commands', 4),
       (1, 'AL', 'Family', 40),

       (2, 'AL', 'Alphabet', 1),
       (2, 'AL', 'Alphabet', 2),
       (2, 'AL', 'Alphabet', 3),
       (2, 'AL', 'Alphabet', 4),
       (2, 'AL', 'Alphabet', 5),
       (2, 'AL', 'Alphabet', 6),
       (2, 'AL', 'Commands', 1),
       (2, 'AL', 'Commands', 2),
       (2, 'AL', 'Commands', 3),
       (2, 'AL', 'Commands', 4),
       (2, 'AL', 'Commands', 5),
       (2, 'AL', 'Commands', 6),
       (2, 'AL', 'Commands', 7),
       (2, 'AL', 'Commands', 8),
       (2, 'AL', 'Family', 40),

       (3, 'AL', 'Alphabet', 1),
       (3, 'AL', 'Alphabet', 2),
       (3, 'AL', 'Alphabet', 3),
       (3, 'AL', 'Alphabet', 4),
       (3, 'AL', 'Alphabet', 5),
       (3, 'AL', 'Alphabet', 6),
       (3, 'AL', 'Commands', 1),
       (3, 'AL', 'Commands', 2),
       (3, 'AL', 'Commands', 3),
       (3, 'AL', 'Commands', 4),
       (3, 'AL', 'Commands', 5),
       (3, 'AL', 'Commands', 6),
       (3, 'AL', 'Commands', 7),
       (3, 'AL', 'Commands', 8),
       (3, 'AL', 'Family', 40),

       (4, 'AL', 'Alphabet', 1),
       (4, 'AL', 'Alphabet', 2),
       (4, 'AL', 'Alphabet', 3),
       (4, 'AL', 'Alphabet', 4),
       (4, 'AL', 'Alphabet', 5),
       (4, 'AL', 'Alphabet', 6),
       (4, 'AL', 'Colors', 5),
       (4, 'AL', 'Colors', 7),
       (4, 'AL', 'Colors', 8),
       (4, 'AL', 'Colors', 10),
       (4, 'AL', 'Food', 3),
       (4, 'AL', 'Food', 30),
       (4, 'AL', 'Food', 32),
       (4, 'AL', 'Food', 95),

       (5, 'AL', 'Alphabet', 7),
       (5, 'AL', 'Alphabet', 8),
       (5, 'AL', 'Alphabet', 9),
       (5, 'AL', 'Alphabet', 10),
       (5, 'AL', 'Alphabet', 11),
       (5, 'AL', 'Alphabet', 12),
       (5, 'AL', 'Alphabet', 13),
       (5, 'AL', 'Animals', 7),
       (5, 'AL', 'Animals', 25),
       (5, 'AL', 'Christmas', 10),
       (5, 'AL', 'Christmas', 11),
       (5, 'AL', 'Colors', 3),
       (5, 'AL', 'Colors', 5),
       (5, 'AL', 'Colors', 6),
       (5, 'AL', 'Colors', 7),
       (5, 'AL', 'Colors', 8),
       (5, 'AL', 'Colors', 9),
       (5, 'AL', 'Colors', 10),
       (5, 'AL', 'Colors', 15),
       (5, 'AL', 'Food', 3),
       (5, 'AL', 'Food', 30),
       (5, 'AL', 'Food', 32),
       (5, 'AL', 'Food', 95),

       (6, 'AL', 'Alphabet', 7),
       (6, 'AL', 'Alphabet', 8),
       (6, 'AL', 'Alphabet', 9),
       (6, 'AL', 'Alphabet', 10),
       (6, 'AL', 'Alphabet', 11),
       (6, 'AL', 'Alphabet', 12),
       (6, 'AL', 'Alphabet', 13),
       (6, 'AL', 'Animals', 7),
       (6, 'AL', 'Animals', 25),
       (6, 'AL', 'Christmas', 10),
       (6, 'AL', 'Christmas', 11),
       (6, 'AL', 'Colors', 1),
       (6, 'AL', 'Colors', 2),
       (6, 'AL', 'Colors', 3),
       (6, 'AL', 'Colors', 4),
       (6, 'AL', 'Colors', 5),
       (6, 'AL', 'Colors', 6),
       (6, 'AL', 'Colors', 7),
       (6, 'AL', 'Colors', 8),
       (6, 'AL', 'Colors', 9),
       (6, 'AL', 'Colors', 10),
       (6, 'AL', 'Colors', 15),
       (6, 'AL', 'Colors', 16),
       (6, 'AL', 'Food', 3),
       (6, 'AL', 'Food', 30),
       (6, 'AL', 'Food', 32),
       (6, 'AL', 'Food', 95),
       (6, 'AL', 'Objects', 29),
       (6, 'AL', 'Objects', 30),
       (6, 'AL', 'Objects', 31),
       (6, 'AL', 'Objects', 32),

       (7, 'AL', 'Alphabet', 1),
       (7, 'AL', 'Alphabet', 2),
       (7, 'AL', 'Alphabet', 3),
       (7, 'AL', 'Alphabet', 4),
       (7, 'AL', 'Alphabet', 5),
       (7, 'AL', 'Alphabet', 6),
       (7, 'AL', 'Alphabet', 7),
       (7, 'AL', 'Alphabet', 8),
       (7, 'AL', 'Alphabet', 9),
       (7, 'AL', 'Alphabet', 10),
       (7, 'AL', 'Alphabet', 11),
       (7, 'AL', 'Alphabet', 12),
       (7, 'AL', 'Alphabet', 13),
       (7, 'AL', 'Animals', 26),
       (7, 'AL', 'Animals', 27),
       (7, 'AL', 'Animals', 28),
       (7, 'AL', 'Animals', 29),
       (7, 'AL', 'Pronouns', 3),
       (7, 'AL', 'Verbs', 65),
       (7, 'AL', 'Verbs', 66),

       (8, 'AL', 'Alphabet', 7),
       (8, 'AL', 'Alphabet', 8),
       (8, 'AL', 'Alphabet', 9),
       (8, 'AL', 'Alphabet', 10),
       (8, 'AL', 'Alphabet', 11),
       (8, 'AL', 'Alphabet', 12),
       (8, 'AL', 'Alphabet', 13),
       (8, 'AL', 'Animals', 26),
       (8, 'AL', 'Animals', 27),
       (8, 'AL', 'Animals', 28),
       (8, 'AL', 'Animals', 29),
       (8, 'AL', 'Animals', 30),
       (8, 'AL', 'Animals', 31),
       (8, 'AL', 'Animals', 32),
       (8, 'AL', 'Animals', 33),
       (8, 'AL', 'Animals', 34),
       (8, 'AL', 'Family', 41),
       (8, 'AL', 'Occupations', 16),
       (8, 'AL', 'Pronouns', 3),
       (8, 'AL', 'Pronouns', 4),
       (8, 'AL', 'Verbs', 65),
       (8, 'AL', 'Verbs', 66),

       (9, 'AL', 'Alphabet', 14),
       (9, 'AL', 'Alphabet', 15),
       (9, 'AL', 'Alphabet', 16),
       (9, 'AL', 'Alphabet', 17),
       (9, 'AL', 'Alphabet', 18),
       (9, 'AL', 'Alphabet', 19),
       (9, 'AL', 'Alphabet', 20),
       (9, 'AL', 'Animals', 26),
       (9, 'AL', 'Animals', 27),
       (9, 'AL', 'Animals', 28),
       (9, 'AL', 'Animals', 29),
       (9, 'AL', 'Animals', 30),
       (9, 'AL', 'Animals', 31),
       (9, 'AL', 'Animals', 32),
       (9, 'AL', 'Animals', 33),
       (9, 'AL', 'Animals', 34),
       (9, 'AL', 'Family', 41),
       (9, 'AL', 'Occupations', 16),
       (9, 'AL', 'Pronouns', 3),
       (9, 'AL', 'Pronouns', 4),
       (9, 'AL', 'Verbs', 65),
       (9, 'AL', 'Verbs', 66),

       (10, 'AL', 'Alphabet', 14),
       (10, 'AL', 'Alphabet', 15),
       (10, 'AL', 'Alphabet', 16),
       (10, 'AL', 'Alphabet', 17),
       (10, 'AL', 'Alphabet', 18),
       (10, 'AL', 'Alphabet', 19),
       (10, 'AL', 'Alphabet', 20),
       (10, 'AL', 'Adjectives', 19),
       (10, 'AL', 'Animals', 35),
       (10, 'AL', 'Food', 51),
       (10, 'AL', 'Food', 96),
       (10, 'AL', 'Food', 97),
       (10, 'AL', 'Food', 98),
       (10, 'AL', 'Food', 99),
       (10, 'AL', 'Food', 100),
       (10, 'AL', 'Numbers', 1),
       (10, 'AL', 'Numbers', 2),
       (10, 'AL', 'Numbers', 3),
       (10, 'AL', 'Numbers', 4),
       (10, 'AL', 'Numbers', 5),
       (10, 'AL', 'Numbers', 6),
       (10, 'AL', 'Numbers', 7),
       (10, 'AL', 'Numbers', 8),
       (10, 'AL', 'Numbers', 9),
       (10, 'AL', 'Numbers', 10),
       (10, 'AL', 'Objects', 4),
       (10, 'AL', 'Objects', 31),
       (10, 'AL', 'Objects', 33),

       (11, 'AL', 'Alphabet', 1),
       (11, 'AL', 'Alphabet', 2),
       (11, 'AL', 'Alphabet', 3),
       (11, 'AL', 'Alphabet', 4),
       (11, 'AL', 'Alphabet', 5),
       (11, 'AL', 'Alphabet', 6),
       (11, 'AL', 'Alphabet', 7),
       (11, 'AL', 'Alphabet', 8),
       (11, 'AL', 'Alphabet', 9),
       (11, 'AL', 'Alphabet', 10),
       (11, 'AL', 'Alphabet', 11),
       (11, 'AL', 'Alphabet', 12),
       (11, 'AL', 'Alphabet', 13),
       (11, 'AL', 'Alphabet', 14),
       (11, 'AL', 'Alphabet', 15),
       (11, 'AL', 'Alphabet', 16),
       (11, 'AL', 'Alphabet', 17),
       (11, 'AL', 'Alphabet', 18),
       (11, 'AL', 'Alphabet', 19),
       (11, 'AL', 'Alphabet', 20),
       (11, 'AL', 'Adjectives', 19),
       (11, 'AL', 'Animals', 35),
       (11, 'AL', 'Food', 41),
       (11, 'AL', 'Food', 51),
       (11, 'AL', 'Food', 96),
       (11, 'AL', 'Food', 97),
       (11, 'AL', 'Food', 98),
       (11, 'AL', 'Food', 99),
       (11, 'AL', 'Food', 100),
       (11, 'AL', 'Food', 101),
       (11, 'AL', 'Food', 102),
       (11, 'AL', 'Food', 103),
       (11, 'AL', 'Food', 104),
       (11, 'AL', 'Numbers', 1),
       (11, 'AL', 'Numbers', 2),
       (11, 'AL', 'Numbers', 3),
       (11, 'AL', 'Numbers', 4),
       (11, 'AL', 'Numbers', 5),
       (11, 'AL', 'Numbers', 6),
       (11, 'AL', 'Numbers', 7),
       (11, 'AL', 'Numbers', 8),
       (11, 'AL', 'Numbers', 9),
       (11, 'AL', 'Numbers', 10),
       (11, 'AL', 'Objects', 4),
       (11, 'AL', 'Objects', 31),
       (11, 'AL', 'Objects', 33),

       (12, 'AL', 'Alphabet', 14),
       (12, 'AL', 'Alphabet', 15),
       (12, 'AL', 'Alphabet', 16),
       (12, 'AL', 'Alphabet', 17),
       (12, 'AL', 'Alphabet', 18),
       (12, 'AL', 'Alphabet', 19),
       (12, 'AL', 'Alphabet', 20),
       (12, 'AL', 'Adjectives', 19),
       (12, 'AL', 'Animals', 35),
       (12, 'AL', 'Food', 29),
       (12, 'AL', 'Food', 41),
       (12, 'AL', 'Food', 51),
       (12, 'AL', 'Food', 96),
       (12, 'AL', 'Food', 97),
       (12, 'AL', 'Food', 98),
       (12, 'AL', 'Food', 99),
       (12, 'AL', 'Food', 100),
       (12, 'AL', 'Food', 101),
       (12, 'AL', 'Food', 102),
       (12, 'AL', 'Food', 103),
       (12, 'AL', 'Food', 104),
       (12, 'AL', 'Food', 105),
       (12, 'AL', 'Food', 106),
       (12, 'AL', 'Food', 107),
       (12, 'AL', 'Food', 108),
       (12, 'AL', 'Food', 109),
       (12, 'AL', 'Objects', 4),
       (12, 'AL', 'Objects', 31),
       (12, 'AL', 'Objects', 33),

       (13, 'AL', 'Alphabet', 1),
       (13, 'AL', 'Alphabet', 2),
       (13, 'AL', 'Alphabet', 3),
       (13, 'AL', 'Alphabet', 4),
       (13, 'AL', 'Alphabet', 5),
       (13, 'AL', 'Alphabet', 6),
       (13, 'AL', 'Alphabet', 7),
       (13, 'AL', 'Alphabet', 8),
       (13, 'AL', 'Alphabet', 9),
       (13, 'AL', 'Alphabet', 10),
       (13, 'AL', 'Alphabet', 11),
       (13, 'AL', 'Alphabet', 12),
       (13, 'AL', 'Alphabet', 13),
       (13, 'AL', 'Alphabet', 14),
       (13, 'AL', 'Alphabet', 15),
       (13, 'AL', 'Alphabet', 16),
       (13, 'AL', 'Alphabet', 17),
       (13, 'AL', 'Alphabet', 18),
       (13, 'AL', 'Alphabet', 19),
       (13, 'AL', 'Alphabet', 20),
       (13, 'AL', 'Alphabet', 21),
       (13, 'AL', 'Alphabet', 22),
       (13, 'AL', 'Alphabet', 23),
       (13, 'AL', 'Alphabet', 24),
       (13, 'AL', 'Alphabet', 25),
       (13, 'AL', 'Alphabet', 26),
       (13, 'AL', 'Adjectives', 19),
       (13, 'AL', 'Animals', 21),
       (13, 'AL', 'Animals', 35),
       (13, 'AL', 'Animals', 36),
       (13, 'AL', 'Food', 29),
       (13, 'AL', 'Food', 41),
       (13, 'AL', 'Food', 51),
       (13, 'AL', 'Food', 96),
       (13, 'AL', 'Food', 97),
       (13, 'AL', 'Food', 98),
       (13, 'AL', 'Food', 99),
       (13, 'AL', 'Food', 100),
       (13, 'AL', 'Food', 101),
       (13, 'AL', 'Food', 102),
       (13, 'AL', 'Food', 103),
       (13, 'AL', 'Food', 104),
       (13, 'AL', 'Food', 105),
       (13, 'AL', 'Food', 106),
       (13, 'AL', 'Food', 107),
       (13, 'AL', 'Food', 108),
       (13, 'AL', 'Food', 109),
       (13, 'AL', 'Objects', 4),
       (13, 'AL', 'Objects', 31),
       (13, 'AL', 'Objects', 33),
       (13, 'AL', 'Opposites', 1),
       (13, 'AL', 'Opposites', 2),

       (14, 'AL', 'Alphabet', 21),
       (14, 'AL', 'Alphabet', 22),
       (14, 'AL', 'Alphabet', 23),
       (14, 'AL', 'Alphabet', 24),
       (14, 'AL', 'Alphabet', 25),
       (14, 'AL', 'Alphabet', 26),
       (14, 'AL', 'Animals', 16),
       (14, 'AL', 'Animals', 30),
       (14, 'AL', 'Animals', 37),
       (14, 'AL', 'Animals', 38),
       (14, 'AL', 'Animals', 39),
       (14, 'AL', 'Animals', 40),
       (14, 'AL', 'Animals', 41),
       (14, 'AL', 'Animals', 42),
       (14, 'AL', 'Food', 20),
       (14, 'AL', 'Food', 92),
       (14, 'AL', 'Food', 110),

       (15, 'AL', 'Alphabet', 21),
       (15, 'AL', 'Alphabet', 22),
       (15, 'AL', 'Alphabet', 23),
       (15, 'AL', 'Alphabet', 24),
       (15, 'AL', 'Alphabet', 25),
       (15, 'AL', 'Alphabet', 26),
       (15, 'AL', 'Animals', 16),
       (15, 'AL', 'Animals', 28),
       (15, 'AL', 'Animals', 30),
       (15, 'AL', 'Animals', 31),
       (15, 'AL', 'Animals', 37),
       (15, 'AL', 'Animals', 38),
       (15, 'AL', 'Animals', 39),
       (15, 'AL', 'Animals', 40),
       (15, 'AL', 'Animals', 41),
       (15, 'AL', 'Animals', 42),
       (15, 'AL', 'Animals', 43),
       (15, 'AL', 'Animals', 44),
       (15, 'AL', 'Food', 20),
       (15, 'AL', 'Food', 41),
       (15, 'AL', 'Food', 92),
       (15, 'AL', 'Food', 110),
       (15, 'AL', 'Food', 111),
       (15, 'AL', 'Food', 112),
       (15, 'AL', 'Food', 113),

       (16, 'AL', 'Alphabet', 1),
       (16, 'AL', 'Alphabet', 2),
       (16, 'AL', 'Alphabet', 3),
       (16, 'AL', 'Alphabet', 4),
       (16, 'AL', 'Alphabet', 5),
       (16, 'AL', 'Alphabet', 6),
       (16, 'AL', 'Alphabet', 7),
       (16, 'AL', 'Alphabet', 8),
       (16, 'AL', 'Alphabet', 9),
       (16, 'AL', 'Alphabet', 10),
       (16, 'AL', 'Alphabet', 11),
       (16, 'AL', 'Alphabet', 12),
       (16, 'AL', 'Alphabet', 13),
       (16, 'AL', 'Alphabet', 14),
       (16, 'AL', 'Alphabet', 15),
       (16, 'AL', 'Alphabet', 16),
       (16, 'AL', 'Alphabet', 17),
       (16, 'AL', 'Alphabet', 18),
       (16, 'AL', 'Alphabet', 19),
       (16, 'AL', 'Alphabet', 20),
       (16, 'AL', 'Alphabet', 21),
       (16, 'AL', 'Alphabet', 22),
       (16, 'AL', 'Alphabet', 23),
       (16, 'AL', 'Alphabet', 24),
       (16, 'AL', 'Alphabet', 25),
       (16, 'AL', 'Alphabet', 26),
       (16, 'AL', 'Animals', 16),
       (16, 'AL', 'Animals', 28),
       (16, 'AL', 'Animals', 30),
       (16, 'AL', 'Animals', 31),
       (16, 'AL', 'Animals', 37),
       (16, 'AL', 'Animals', 38),
       (16, 'AL', 'Animals', 39),
       (16, 'AL', 'Animals', 40),
       (16, 'AL', 'Animals', 41),
       (16, 'AL', 'Animals', 42),
       (16, 'AL', 'Animals', 43),
       (16, 'AL', 'Animals', 44),
       (16, 'AL', 'Christmas', 3),
       (16, 'AL', 'Food', 20),
       (16, 'AL', 'Food', 41),
       (16, 'AL', 'Food', 92),
       (16, 'AL', 'Food', 100),
       (16, 'AL', 'Food', 102),
       (16, 'AL', 'Food', 110),
       (16, 'AL', 'Food', 111),
       (16, 'AL', 'Food', 112),
       (16, 'AL', 'Food', 113),
       (16, 'AL', 'Household Objects', 36),
       (16, 'AL', 'Household Objects', 37),
       (16, 'AL', 'Household Objects', 38),
       (16, 'AL', 'Objects', 19),

       (17, 'AL', 'Adjectives', 20),
       (17, 'AL', 'Adjectives', 21),
       (17, 'AL', 'Adjectives', 26),
       (17, 'AL', 'Alphabet', 1),
       (17, 'AL', 'Alphabet', 2),
       (17, 'AL', 'Alphabet', 3),
       (17, 'AL', 'Alphabet', 4),
       (17, 'AL', 'Alphabet', 5),
       (17, 'AL', 'Alphabet', 6),
       (17, 'AL', 'Animals', 31),
       (17, 'AL', 'Animals', 45),
       (17, 'AL', 'Animals', 46),
       (17, 'AL', 'Animals', 47),
       (17, 'AL', 'Animals', 48),
       (17, 'AL', 'Occupations', 17),
       (17, 'AL', 'Places', 46),

       (18, 'AL', 'Adjectives', 20),
       (18, 'AL', 'Adjectives', 21),
       (18, 'AL', 'Adjectives', 22),
       (18, 'AL', 'Adjectives', 23),
       (18, 'AL', 'Adjectives', 24),
       (18, 'AL', 'Adjectives', 25),
       (18, 'AL', 'Adjectives', 26),
       (18, 'AL', 'Alphabet', 1),
       (18, 'AL', 'Alphabet', 2),
       (18, 'AL', 'Alphabet', 3),
       (18, 'AL', 'Alphabet', 4),
       (18, 'AL', 'Alphabet', 5),
       (18, 'AL', 'Alphabet', 6),
       (18, 'AL', 'Animals', 31),
       (18, 'AL', 'Animals', 32),
       (18, 'AL', 'Animals', 45),
       (18, 'AL', 'Animals', 46),
       (18, 'AL', 'Animals', 47),
       (18, 'AL', 'Animals', 48),
       (18, 'AL', 'Animals', 49),
       (18, 'AL', 'Animals', 50),
       (18, 'AL', 'Animals', 51),
       (18, 'AL', 'Occupations', 17),
       (18, 'AL', 'Places', 46),

       (19, 'AL', 'Adjectives', 20),
       (19, 'AL', 'Adjectives', 21),
       (19, 'AL', 'Adjectives', 22),
       (19, 'AL', 'Adjectives', 23),
       (19, 'AL', 'Adjectives', 24),
       (19, 'AL', 'Adjectives', 25),
       (19, 'AL', 'Adjectives', 26),
       (19, 'AL', 'Alphabet', 1),
       (19, 'AL', 'Alphabet', 2),
       (19, 'AL', 'Alphabet', 3),
       (19, 'AL', 'Alphabet', 4),
       (19, 'AL', 'Alphabet', 5),
       (19, 'AL', 'Alphabet', 6),
       (19, 'AL', 'Animals', 31),
       (19, 'AL', 'Animals', 32),
       (19, 'AL', 'Animals', 45),
       (19, 'AL', 'Animals', 46),
       (19, 'AL', 'Animals', 47),
       (19, 'AL', 'Animals', 48),
       (19, 'AL', 'Animals', 49),
       (19, 'AL', 'Animals', 50),
       (19, 'AL', 'Animals', 51),
       (19, 'AL', 'Occupations', 17),
       (19, 'AL', 'Places', 46),

       (20, 'AL', 'Alphabet', 1),
       (20, 'AL', 'Alphabet', 2),
       (20, 'AL', 'Alphabet', 3),
       (20, 'AL', 'Alphabet', 4),
       (20, 'AL', 'Alphabet', 5),
       (20, 'AL', 'Alphabet', 6),
       (20, 'AL', 'Animals', 52),
       (20, 'AL', 'Food', 45),
       (20, 'AL', 'Food', 84),
       (20, 'AL', 'Food', 96),
       (20, 'AL', 'Food', 97),
       (20, 'AL', 'Objects', 4),
       (20, 'AL', 'Weather', 9),
       (20, 'AL', 'Weather', 10),
       (20, 'AL', 'Weather', 11),
       (20, 'AL', 'Weather', 12),

       (21, 'AL', 'Alphabet', 7),
       (21, 'AL', 'Alphabet', 8),
       (21, 'AL', 'Alphabet', 9),
       (21, 'AL', 'Alphabet', 10),
       (21, 'AL', 'Alphabet', 11),
       (21, 'AL', 'Alphabet', 12),
       (21, 'AL', 'Alphabet', 13),
       (21, 'AL', 'Animals', 52),
       (21, 'AL', 'Food', 20),
       (21, 'AL', 'Food', 29),
       (21, 'AL', 'Food', 45),
       (21, 'AL', 'Food', 84),
       (21, 'AL', 'Food', 92),
       (21, 'AL', 'Food', 96),
       (21, 'AL', 'Food', 97),
       (21, 'AL', 'Food', 100),
       (21, 'AL', 'Food', 103),
       (21, 'AL', 'Food', 110),
       (21, 'AL', 'Food', 112),
       (21, 'AL', 'Objects', 4),
       (21, 'AL', 'Weather', 9),
       (21, 'AL', 'Weather', 10),
       (21, 'AL', 'Weather', 11),
       (21, 'AL', 'Weather', 12),

       (22, 'AL', 'Alphabet', 7),
       (22, 'AL', 'Alphabet', 8),
       (22, 'AL', 'Alphabet', 9),
       (22, 'AL', 'Alphabet', 10),
       (22, 'AL', 'Alphabet', 11),
       (22, 'AL', 'Alphabet', 12),
       (22, 'AL', 'Animals', 44),
       (22, 'AL', 'Animals', 52),
       (22, 'AL', 'Food', 45),
       (22, 'AL', 'Food', 84),
       (22, 'AL', 'Food', 96),
       (22, 'AL', 'Food', 97),
       (22, 'AL', 'Objects', 4),
       (22, 'AL', 'Weather', 9),
       (22, 'AL', 'Weather', 10),
       (22, 'AL', 'Weather', 11),
       (22, 'AL', 'Weather', 12),

       (23, 'AL', 'Alphabet', 7),
       (23, 'AL', 'Alphabet', 8),
       (23, 'AL', 'Alphabet', 9),
       (23, 'AL', 'Alphabet', 10),
       (23, 'AL', 'Alphabet', 11),
       (23, 'AL', 'Alphabet', 12),
       (23, 'AL', 'Alphabet', 13),
       (23, 'AL', 'Animals', 26),
       (23, 'AL', 'Animals', 37),
       (23, 'AL', 'Animals', 44),
       (23, 'AL', 'Classroom Objects', 4),
       (23, 'AL', 'Household Objects', 39),
       (23, 'AL', 'Household Objects', 40),
       (23, 'AL', 'Household Objects', 45),
       (23, 'AL', 'Objects', 19),
       (23, 'AL', 'Objects', 31),
       (23, 'AL', 'Objects', 34),

       (24, 'AL', 'Alphabet', 7),
       (24, 'AL', 'Alphabet', 8),
       (24, 'AL', 'Alphabet', 9),
       (24, 'AL', 'Alphabet', 10),
       (24, 'AL', 'Alphabet', 11),
       (24, 'AL', 'Alphabet', 12),
       (24, 'AL', 'Alphabet', 13),
       (24, 'AL', 'Animals', 16),
       (24, 'AL', 'Animals', 26),
       (24, 'AL', 'Animals', 37),
       (24, 'AL', 'Animals', 44),
       (24, 'AL', 'Animals', 53),
       (24, 'AL', 'Classroom Objects', 4),
       (24, 'AL', 'Clothing', 47),
       (24, 'AL', 'Family', 42),
       (24, 'AL', 'Household Objects', 39),
       (24, 'AL', 'Household Objects', 40),
       (24, 'AL', 'Household Objects', 41),
       (24, 'AL', 'Household Objects', 42),
       (24, 'AL', 'Household Objects', 43),
       (24, 'AL', 'Household Objects', 44),
       (24, 'AL', 'Household Objects', 45),
       (24, 'AL', 'Objects', 19),
       (24, 'AL', 'Objects', 31),
       (24, 'AL', 'Objects', 34),

       (25, 'AL', 'Alphabet', 14),
       (25, 'AL', 'Alphabet', 15),
       (25, 'AL', 'Alphabet', 16),
       (25, 'AL', 'Alphabet', 17),
       (25, 'AL', 'Alphabet', 18),
       (25, 'AL', 'Alphabet', 19),
       (25, 'AL', 'Alphabet', 20),
       (25, 'AL', 'Animals', 16),
       (25, 'AL', 'Animals', 26),
       (25, 'AL', 'Animals', 37),
       (25, 'AL', 'Animals', 44),
       (25, 'AL', 'Animals', 53),
       (25, 'AL', 'Classroom Objects', 4),
       (25, 'AL', 'Clothing', 47),
       (25, 'AL', 'Clothing', 48),
       (25, 'AL', 'Family', 42),
       (25, 'AL', 'Greetings', 1),
       (25, 'AL', 'Greetings', 2),
       (25, 'AL', 'Household Objects', 39),
       (25, 'AL', 'Household Objects', 40),
       (25, 'AL', 'Household Objects', 41),
       (25, 'AL', 'Household Objects', 42),
       (25, 'AL', 'Household Objects', 43),
       (25, 'AL', 'Household Objects', 44),
       (25, 'AL', 'Household Objects', 45),
       (25, 'AL', 'Household Objects', 46),
       (25, 'AL', 'Objects', 19),
       (25, 'AL', 'Objects', 31),
       (25, 'AL', 'Objects', 34),

       (26, 'AL', 'Alphabet', 14),
       (26, 'AL', 'Alphabet', 15),
       (26, 'AL', 'Alphabet', 16),
       (26, 'AL', 'Alphabet', 17),
       (26, 'AL', 'Alphabet', 18),
       (26, 'AL', 'Alphabet', 19),
       (26, 'AL', 'Alphabet', 20),
       (26, 'AL', 'Weather', 1),
       (26, 'AL', 'Weather', 4),
       (26, 'AL', 'Weather', 5),
       (26, 'AL', 'Weather', 6),
       (26, 'AL', 'Weather', 7),
       (26, 'AL', 'Weather', 8),

       (27, 'AL', 'Alphabet', 14),
       (27, 'AL', 'Alphabet', 15),
       (27, 'AL', 'Alphabet', 16),
       (27, 'AL', 'Alphabet', 17),
       (27, 'AL', 'Alphabet', 18),
       (27, 'AL', 'Alphabet', 19),
       (27, 'AL', 'Alphabet', 20),
       (27, 'AL', 'Animals', 21),
       (27, 'AL', 'Animals', 23),
       (27, 'AL', 'Animals', 27),
       (27, 'AL', 'Animals', 32),
       (27, 'AL', 'Animals', 54),
       (27, 'AL', 'Christmas', 5),
       (27, 'AL', 'Clothing', 34),
       (27, 'AL', 'Household Objects', 47),
       (27, 'AL', 'Objects', 4),
       (27, 'AL', 'Objects', 35),
       (27, 'AL', 'Toys', 1),
       (27, 'AL', 'Toys', 2),
       (27, 'AL', 'Toys', 24),
       (27, 'AL', 'Weather', 1),
       (27, 'AL', 'Weather', 4),
       (27, 'AL', 'Weather', 5),
       (27, 'AL', 'Weather', 6),
       (27, 'AL', 'Weather', 7),
       (27, 'AL', 'Weather', 8),

       (28, 'AL', 'Alphabet', 14),
       (28, 'AL', 'Alphabet', 15),
       (28, 'AL', 'Alphabet', 16),
       (28, 'AL', 'Alphabet', 17),
       (28, 'AL', 'Alphabet', 18),
       (28, 'AL', 'Alphabet', 19),
       (28, 'AL', 'Alphabet', 20),
       (28, 'AL', 'Clothing', 2),
       (28, 'AL', 'Clothing', 16),
       (28, 'AL', 'Clothing', 49),
       (28, 'AL', 'Family', 43),
       (28, 'AL', 'Family', 44),
       (28, 'AL', 'Family', 45),
       (28, 'AL', 'Family', 46),
       (28, 'AL', 'Family', 47),
       (28, 'AL', 'Weather', 1),
       (28, 'AL', 'Weather', 4),
       (28, 'AL', 'Weather', 5),
       (28, 'AL', 'Weather', 6),
       (28, 'AL', 'Weather', 7),
       (28, 'AL', 'Weather', 8),
       (28, 'AL', 'Weather', 13),
       (28, 'AL', 'Weather', 14),

       (29, 'AL', 'Alphabet', 21),
       (29, 'AL', 'Alphabet', 22),
       (29, 'AL', 'Alphabet', 23),
       (29, 'AL', 'Alphabet', 24),
       (29, 'AL', 'Alphabet', 25),
       (29, 'AL', 'Alphabet', 26),
       (29, 'AL', 'Clothing', 1),
       (29, 'AL', 'Clothing', 2),
       (29, 'AL', 'Clothing', 9),
       (29, 'AL', 'Clothing', 14),
       (29, 'AL', 'Clothing', 16),
       (29, 'AL', 'Clothing', 31),
       (29, 'AL', 'Clothing', 33),
       (29, 'AL', 'Clothing', 34),
       (29, 'AL', 'Clothing', 47),
       (29, 'AL', 'Clothing', 49),
       (29, 'AL', 'Family', 43),
       (29, 'AL', 'Family', 44),
       (29, 'AL', 'Family', 45),
       (29, 'AL', 'Family', 46),
       (29, 'AL', 'Family', 47),
       (29, 'AL', 'Weather', 1),
       (29, 'AL', 'Weather', 4),
       (29, 'AL', 'Weather', 5),
       (29, 'AL', 'Weather', 6),
       (29, 'AL', 'Weather', 7),
       (29, 'AL', 'Weather', 8),
       (29, 'AL', 'Weather', 13),
       (29, 'AL', 'Weather', 14),

       (30, 'AL', 'Alphabet', 21),
       (30, 'AL', 'Alphabet', 22),
       (30, 'AL', 'Alphabet', 23),
       (30, 'AL', 'Alphabet', 24),
       (30, 'AL', 'Alphabet', 25),
       (30, 'AL', 'Alphabet', 26),
       (30, 'AL', 'Clothing', 1),
       (30, 'AL', 'Clothing', 2),
       (30, 'AL', 'Clothing', 9),
       (30, 'AL', 'Clothing', 14),
       (30, 'AL', 'Clothing', 16),
       (30, 'AL', 'Clothing', 31),
       (30, 'AL', 'Clothing', 33),
       (30, 'AL', 'Clothing', 34),
       (30, 'AL', 'Clothing', 47),
       (30, 'AL', 'Clothing', 49),
       (30, 'AL', 'Family', 43),
       (30, 'AL', 'Family', 44),
       (30, 'AL', 'Family', 45),
       (30, 'AL', 'Family', 46),
       (30, 'AL', 'Family', 47),
       (30, 'AL', 'Weather', 1),
       (30, 'AL', 'Weather', 4),
       (30, 'AL', 'Weather', 5),
       (30, 'AL', 'Weather', 6),
       (30, 'AL', 'Weather', 7),
       (30, 'AL', 'Weather', 8),
       (30, 'AL', 'Weather', 13),
       (30, 'AL', 'Weather', 14),

       (31, 'AL', 'Adjectives', 27),
       (31, 'AL', 'Adjectives', 28),
       (31, 'AL', 'Alphabet', 21),
       (31, 'AL', 'Alphabet', 22),
       (31, 'AL', 'Alphabet', 23),
       (31, 'AL', 'Alphabet', 24),
       (31, 'AL', 'Alphabet', 25),
       (31, 'AL', 'Alphabet', 26),
       (31, 'AL', 'Family', 48),
       (31, 'AL', 'Food', 114),
       (31, 'AL', 'Food', 115),
       (31, 'AL', 'Household Objects', 8),
       (31, 'AL', 'Household Objects', 41),
       (31, 'AL', 'Household Objects', 44),
       (31, 'AL', 'Household Objects', 48),
       (31, 'AL', 'Opposites', 3),
       (31, 'AL', 'Opposites', 4),
       (31, 'AL', 'Places', 47),

       (32, 'AL', 'Adjectives', 27),
       (32, 'AL', 'Adjectives', 28),
       (32, 'AL', 'Adjectives', 29),
       (32, 'AL', 'Adjectives', 30),
       (32, 'AL', 'Adjectives', 31),
       (32, 'AL', 'Adjectives', 32),
       (32, 'AL', 'Adjectives', 33),
       (32, 'AL', 'Alphabet', 21),
       (32, 'AL', 'Alphabet', 22),
       (32, 'AL', 'Alphabet', 23),
       (32, 'AL', 'Alphabet', 24),
       (32, 'AL', 'Alphabet', 25),
       (32, 'AL', 'Alphabet', 26),
       (32, 'AL', 'Classroom Objects', 4),
       (32, 'AL', 'Family', 48),
       (32, 'AL', 'Food', 114),
       (32, 'AL', 'Food', 115),
       (32, 'AL', 'Household Objects', 8),
       (32, 'AL', 'Household Objects', 41),
       (32, 'AL', 'Household Objects', 44),
       (32, 'AL', 'Household Objects', 48),
       (32, 'AL', 'Household Objects', 49),
       (32, 'AL', 'Opposites', 3),
       (32, 'AL', 'Opposites', 4),
       (32, 'AL', 'Places', 47),
       (32, 'AL', 'Places', 48),
       (32, 'AL', 'Places', 49),
       (32, 'AL', 'Places', 50),
       (32, 'AL', 'Verbs', 67),

       (33, 'AL', 'Adjectives', 27),
       (33, 'AL', 'Adjectives', 28),
       (33, 'AL', 'Adjectives', 29),
       (33, 'AL', 'Adjectives', 30),
       (33, 'AL', 'Adjectives', 31),
       (33, 'AL', 'Adjectives', 32),
       (33, 'AL', 'Adjectives', 33),
       (33, 'AL', 'Alphabet', 1),
       (33, 'AL', 'Alphabet', 2),
       (33, 'AL', 'Alphabet', 3),
       (33, 'AL', 'Alphabet', 4),
       (33, 'AL', 'Alphabet', 5),
       (33, 'AL', 'Alphabet', 6),
       (33, 'AL', 'Classroom Objects', 4),
       (33, 'AL', 'Family', 48),
       (33, 'AL', 'Family', 49),
       (33, 'AL', 'Family', 50),
       (33, 'AL', 'Family', 51),
       (33, 'AL', 'Feelings', 1),
       (33, 'AL', 'Feelings', 2),
       (33, 'AL', 'Feelings', 3),
       (33, 'AL', 'Food', 114),
       (33, 'AL', 'Food', 115),
       (33, 'AL', 'Household Objects', 8),
       (33, 'AL', 'Household Objects', 41),
       (33, 'AL', 'Household Objects', 44),
       (33, 'AL', 'Household Objects', 48),
       (33, 'AL', 'Household Objects', 49),
       (33, 'AL', 'Opposites', 3),
       (33, 'AL', 'Opposites', 4),
       (33, 'AL', 'Places', 47),
       (33, 'AL', 'Places', 48),
       (33, 'AL', 'Places', 49),
       (33, 'AL', 'Places', 50),
       (33, 'AL', 'Verbs', 26),
       (33, 'AL', 'Verbs', 29),
       (33, 'AL', 'Verbs', 67),
       (33, 'AL', 'Verbs', 68),

       (34, 'AL', 'Adjectives', 27),
       (34, 'AL', 'Adjectives', 28),
       (34, 'AL', 'Adjectives', 29),
       (34, 'AL', 'Adjectives', 30),
       (34, 'AL', 'Adjectives', 31),
       (34, 'AL', 'Adjectives', 32),
       (34, 'AL', 'Adjectives', 33),
       (34, 'AL', 'Alphabet', 7),
       (34, 'AL', 'Alphabet', 8),
       (34, 'AL', 'Alphabet', 9),
       (34, 'AL', 'Alphabet', 10),
       (34, 'AL', 'Alphabet', 11),
       (34, 'AL', 'Alphabet', 12),
       (34, 'AL', 'Alphabet', 13),
       (34, 'AL', 'Classroom Objects', 4),
       (34, 'AL', 'Family', 48),
       (34, 'AL', 'Family', 49),
       (34, 'AL', 'Family', 50),
       (34, 'AL', 'Family', 51),
       (34, 'AL', 'Feelings', 1),
       (34, 'AL', 'Feelings', 2),
       (34, 'AL', 'Feelings', 3),
       (34, 'AL', 'Food', 114),
       (34, 'AL', 'Food', 115),
       (34, 'AL', 'Household Objects', 8),
       (34, 'AL', 'Household Objects', 41),
       (34, 'AL', 'Household Objects', 44),
       (34, 'AL', 'Household Objects', 48),
       (34, 'AL', 'Household Objects', 49),
       (34, 'AL', 'Opposites', 3),
       (34, 'AL', 'Opposites', 4),
       (34, 'AL', 'Places', 47),
       (34, 'AL', 'Places', 48),
       (34, 'AL', 'Places', 49),
       (34, 'AL', 'Places', 50),
       (34, 'AL', 'Verbs', 26),
       (34, 'AL', 'Verbs', 29),
       (34, 'AL', 'Verbs', 67),
       (34, 'AL', 'Verbs', 68),

       (35, 'AL', 'Alphabet', 14),
       (35, 'AL', 'Alphabet', 15),
       (35, 'AL', 'Alphabet', 16),
       (35, 'AL', 'Alphabet', 17),
       (35, 'AL', 'Alphabet', 18),
       (35, 'AL', 'Alphabet', 19),
       (35, 'AL', 'Alphabet', 20),
       (35, 'AL', 'Animals', 16),
       (35, 'AL', 'Animals', 21),
       (35, 'AL', 'Animals', 27),
       (35, 'AL', 'Animals', 55),
       (35, 'AL', 'Feelings', 1),
       (35, 'AL', 'Feelings', 2),
       (35, 'AL', 'Feelings', 3),
       (35, 'AL', 'Household Objects', 37),
       (35, 'AL', 'Household Objects', 50),
       (35, 'AL', 'Objects', 12),
       (35, 'AL', 'Weather', 9),

       (36, 'AL', 'Alphabet', 21),
       (36, 'AL', 'Alphabet', 22),
       (36, 'AL', 'Alphabet', 23),
       (36, 'AL', 'Alphabet', 24),
       (36, 'AL', 'Alphabet', 25),
       (36, 'AL', 'Alphabet', 26),
       (36, 'AL', 'Animals', 16),
       (36, 'AL', 'Animals', 21),
       (36, 'AL', 'Animals', 27),
       (36, 'AL', 'Animals', 55),
       (36, 'AL', 'Feelings', 1),
       (36, 'AL', 'Feelings', 2),
       (36, 'AL', 'Feelings', 3),
       (36, 'AL', 'Household Objects', 37),
       (36, 'AL', 'Household Objects', 50),
       (36, 'AL', 'Objects', 12),
       (36, 'AL', 'Weather', 9),

       (37, 'AL', 'Alphabet', 1),
       (37, 'AL', 'Alphabet', 2),
       (37, 'AL', 'Alphabet', 3),
       (37, 'AL', 'Alphabet', 4),
       (37, 'AL', 'Alphabet', 5),
       (37, 'AL', 'Alphabet', 6),
       (37, 'AL', 'Alphabet', 7),
       (37, 'AL', 'Alphabet', 8),
       (37, 'AL', 'Alphabet', 9),
       (37, 'AL', 'Alphabet', 10),
       (37, 'AL', 'Alphabet', 11),
       (37, 'AL', 'Alphabet', 12),
       (37, 'AL', 'Alphabet', 13),
       (37, 'AL', 'Alphabet', 14),
       (37, 'AL', 'Alphabet', 15),
       (37, 'AL', 'Alphabet', 16),
       (37, 'AL', 'Alphabet', 17),
       (37, 'AL', 'Alphabet', 18),
       (37, 'AL', 'Alphabet', 19),
       (37, 'AL', 'Alphabet', 20),
       (37, 'AL', 'Alphabet', 21),
       (37, 'AL', 'Alphabet', 22),
       (37, 'AL', 'Alphabet', 23),
       (37, 'AL', 'Alphabet', 24),
       (37, 'AL', 'Alphabet', 25),
       (37, 'AL', 'Alphabet', 26),
       (37, 'AL', 'Animals', 56),
       (37, 'AL', 'Colors', 1),
       (37, 'AL', 'Colors', 2),
       (37, 'AL', 'Colors', 3),
       (37, 'AL', 'Colors', 4),
       (37, 'AL', 'Colors', 5),
       (37, 'AL', 'Colors', 6),
       (37, 'AL', 'Colors', 7),
       (37, 'AL', 'Colors', 8),
       (37, 'AL', 'Colors', 9),
       (37, 'AL', 'Colors', 10),
       (37, 'AL', 'Colors', 11),
       (37, 'AL', 'Colors', 13),
       (37, 'AL', 'Feelings', 1),
       (37, 'AL', 'Feelings', 2),
       (37, 'AL', 'Feelings', 3),
       (37, 'AL', 'Food', 116),
       (37, 'AL', 'Household Objects', 50),
       (37, 'AL', 'Household Objects', 51),
       (37, 'AL', 'Numbers', 1),
       (37, 'AL', 'Numbers', 2),
       (37, 'AL', 'Numbers', 3),
       (37, 'AL', 'Numbers', 4),
       (37, 'AL', 'Numbers', 5),
       (37, 'AL', 'Numbers', 6),
       (37, 'AL', 'Numbers', 7),
       (37, 'AL', 'Numbers', 8),
       (37, 'AL', 'Numbers', 9),
       (37, 'AL', 'Numbers', 10),
       (37, 'AL', 'Numbers', 11),
       (37, 'AL', 'Numbers', 12);

INSERT INTO schedule (lesson_week, lesson_course, date)
VALUES (1, 'AL', '2025-04-13'),
       (1, 'AL', '2025-04-14'),
       (1, 'AL', '2025-04-15'),
       (1, 'AL', '2025-04-16'),
       (1, 'AL', '2025-04-17'),
       (1, 'AL', '2025-04-18'),
       (1, 'AL', '2025-04-19'),
       (2, 'AL', '2025-04-20'),
       (2, 'AL', '2025-04-21'),
       (2, 'AL', '2025-04-22'),
       (2, 'AL', '2025-04-23'),
       (2, 'AL', '2025-04-24'),
       (2, 'AL', '2025-04-25'),
       (2, 'AL', '2025-04-26'),
       (3, 'AL', '2025-04-27'),
       (3, 'AL', '2025-04-28'),
       (3, 'AL', '2025-05-07'),
       (3, 'AL', '2025-05-08'),
       (3, 'AL', '2025-05-09'),
       (3, 'AL', '2025-05-10'),
       (4, 'AL', '2025-05-11'),
       (4, 'AL', '2025-05-12'),
       (3, 'AL', '2025-05-13'),
       (4, 'AL', '2025-05-14'),
       (4, 'AL', '2025-05-15'),
       (4, 'AL', '2025-05-16'),
       (4, 'AL', '2025-05-17'),
       (5, 'AL', '2025-05-18'),
       (5, 'AL', '2025-05-19'),
       (4, 'AL', '2025-05-20'),
       (5, 'AL', '2025-05-21'),
       (5, 'AL', '2025-05-22'),
       (5, 'AL', '2025-05-23'),
       (5, 'AL', '2025-05-24'),
       (6, 'AL', '2025-05-25'),
       (6, 'AL', '2025-05-26'),
       (5, 'AL', '2025-05-27'),
       (6, 'AL', '2025-05-28'),
       (6, 'AL', '2025-05-29'),
       (6, 'AL', '2025-05-30'),
       (6, 'AL', '2025-05-31'),
       (7, 'AL', '2025-06-01'),
       (7, 'AL', '2025-06-02'),
       (6, 'AL', '2025-06-03'),
       (7, 'AL', '2025-06-04'),
       (7, 'AL', '2025-06-05'),
       (7, 'AL', '2025-06-06'),
       (7, 'AL', '2025-06-07'),
       (8, 'AL', '2025-06-08'),
       (8, 'AL', '2025-06-09'),
       (7, 'AL', '2025-06-10'),
       (8, 'AL', '2025-06-11'),
       (8, 'AL', '2025-06-12'),
       (8, 'AL', '2025-06-13'),
       (8, 'AL', '2025-06-14'),
       (9, 'AL', '2025-06-15'),
       (9, 'AL', '2025-06-16'),
       (8, 'AL', '2025-06-17'),
       (9, 'AL', '2025-06-18'),
       (9, 'AL', '2025-06-19'),
       (9, 'AL', '2025-06-20'),
       (9, 'AL', '2025-06-21'),
       (10, 'AL', '2025-06-22'),
       (10, 'AL', '2025-06-23'),
       (9, 'AL', '2025-06-24'),
       (10, 'AL', '2025-06-25'),
       (10, 'AL', '2025-06-26'),
       (10, 'AL', '2025-06-27'),
       (10, 'AL', '2025-06-28'),
       (11, 'AL', '2025-06-29'),
       (11, 'AL', '2025-06-30'),
       (10, 'AL', '2025-07-01'),
       (11, 'AL', '2025-07-02'),
       (11, 'AL', '2025-07-03'),
       (11, 'AL', '2025-07-04'),
       (11, 'AL', '2025-07-05'),
       (12, 'AL', '2025-07-06'),
       (12, 'AL', '2025-07-07'),
       (11, 'AL', '2025-07-08'),
       (12, 'AL', '2025-07-09'),
       (12, 'AL', '2025-07-10'),
       (12, 'AL', '2025-07-11'),
       (12, 'AL', '2025-07-12'),
       (13, 'AL', '2025-07-13'),
       (13, 'AL', '2025-07-14'),
       (12, 'AL', '2025-07-15'),
       (13, 'AL', '2025-07-16'),
       (13, 'AL', '2025-07-17'),
       (13, 'AL', '2025-07-18'),
       (13, 'AL', '2025-07-19'),
       (14, 'AL', '2025-07-20'),
       (14, 'AL', '2025-07-28'),
       (15, 'AL', '2025-08-18'),
       (13, 'AL', '2025-08-19'),
       (14, 'AL', '2025-08-20'),
       (14, 'AL', '2025-08-21'),
       (14, 'AL', '2025-08-22'),
       (14, 'AL', '2025-08-23'),
       (15, 'AL', '2025-08-24'),
       (16, 'AL', '2025-08-25'),
       (14, 'AL', '2025-08-26'),
       (15, 'AL', '2025-08-27'),
       (15, 'AL', '2025-08-28'),
       (15, 'AL', '2025-08-29'),
       (15, 'AL', '2025-08-30'),
       (16, 'AL', '2025-08-31'),
       (17, 'AL', '2025-09-01'),
       (15, 'AL', '2025-09-02'),
       (16, 'AL', '2025-09-03'),
       (16, 'AL', '2025-09-04'),
       (16, 'AL', '2025-09-05'),
       (16, 'AL', '2025-09-06'),
       (17, 'AL', '2025-09-07'),
       (18, 'AL', '2025-09-08'),
       (16, 'AL', '2025-09-09'),
       (17, 'AL', '2025-09-10'),
       (17, 'AL', '2025-09-11'),
       (17, 'AL', '2025-09-12'),
       (17, 'AL', '2025-09-13'),
       (18, 'AL', '2025-09-14'),
       (17, 'AL', '2025-09-16'),
       (18, 'AL', '2025-09-17'),
       (18, 'AL', '2025-09-18'),
       (18, 'AL', '2025-09-19'),
       (18, 'AL', '2025-09-20'),
       (19, 'AL', '2025-09-21'),
       (19, 'AL', '2025-09-22'),
       (19, 'AL', '2025-09-24'),
       (19, 'AL', '2025-09-25'),
       (19, 'AL', '2025-09-26'),
       (19, 'AL', '2025-09-27'),
       (20, 'AL', '2025-09-28'),
       (20, 'AL', '2025-09-29'),
       (18, 'AL', '2025-09-30'),
       (20, 'AL', '2025-10-01'),
       (20, 'AL', '2025-10-02'),
       (20, 'AL', '2025-10-03'),
       (20, 'AL', '2025-10-04'),
       (21, 'AL', '2025-10-05'),
       (21, 'AL', '2025-10-06'),
       (19, 'AL', '2025-10-07'),
       (21, 'AL', '2025-10-08'),
       (21, 'AL', '2025-10-09'),
       (21, 'AL', '2025-10-10'),
       (21, 'AL', '2025-10-11'),
       (22, 'AL', '2025-10-19'),
       (22, 'AL', '2025-10-20'),
       (20, 'AL', '2025-10-21'),
       (22, 'AL', '2025-10-22'),
       (22, 'AL', '2025-10-23'),
       (22, 'AL', '2025-10-24'),
       (22, 'AL', '2025-11-01'),
       (23, 'AL', '2025-11-02'),
       (23, 'AL', '2025-11-07'),
       (23, 'AL', '2025-11-08'),
       (24, 'AL', '2025-11-09'),
       (23, 'AL', '2025-11-10'),
       (21, 'AL', '2025-11-11'),
       (23, 'AL', '2025-11-12'),
       (23, 'AL', '2025-11-13'),
       (24, 'AL', '2025-11-14'),
       (24, 'AL', '2025-11-15'),
       (25, 'AL', '2025-11-16'),
       (24, 'AL', '2025-11-17'),
       (22, 'AL', '2025-11-18'),
       (24, 'AL', '2025-11-19'),
       (24, 'AL', '2025-11-20'),
       (25, 'AL', '2025-11-21'),
       (25, 'AL', '2025-11-22'),
       (23, 'AL', '2025-11-25'),
       (25, 'AL', '2025-11-26'),
       (25, 'AL', '2025-11-27'),
       (26, 'AL', '2025-11-28'),
       (26, 'AL', '2025-11-29'),
       (26, 'AL', '2025-11-30'),
       (25, 'AL', '2025-12-01'),
       (24, 'AL', '2025-12-02'),
       (26, 'AL', '2025-12-03'),
       (26, 'AL', '2025-12-04'),
       (27, 'AL', '2025-12-05'),
       (27, 'AL', '2025-12-06'),
       (26, 'AL', '2025-12-08'),
       (25, 'AL', '2025-12-09'),
       (27, 'AL', '2025-12-10'),
       (27, 'AL', '2025-12-11'),
       (28, 'AL', '2025-12-12'),
       (28, 'AL', '2025-12-13'),
       (27, 'AL', '2025-12-14'),
       (27, 'AL', '2025-12-15'),
       (26, 'AL', '2025-12-16'),
       (27, 'AL', '2026-01-06'),
       (28, 'AL', '2026-01-07'),
       (28, 'AL', '2026-01-08'),
       (29, 'AL', '2026-01-09'),
       (29, 'AL', '2026-01-10'),
       (28, 'AL', '2026-01-11'),
       (28, 'AL', '2026-01-13'),
       (29, 'AL', '2026-01-14'),
       (29, 'AL', '2026-01-15'),
       (30, 'AL', '2026-01-16'),
       (30, 'AL', '2026-01-17'),
       (28, 'AL', '2026-01-19'),
       (29, 'AL', '2026-01-25'),
       (29, 'AL', '2026-01-26'),
       (29, 'AL', '2026-01-27'),
       (30, 'AL', '2026-01-28'),
       (30, 'AL', '2026-01-29'),
       (31, 'AL', '2026-01-30'),
       (31, 'AL', '2026-01-31'),
       (30, 'AL', '2026-02-01'),
       (30, 'AL', '2026-02-02'),
       (30, 'AL', '2026-02-03'),
       (31, 'AL', '2026-02-04'),
       (31, 'AL', '2026-02-05'),
       (32, 'AL', '2026-02-06'),
       (32, 'AL', '2026-02-07'),
       (31, 'AL', '2026-02-08'),
       (31, 'AL', '2026-02-09'),
       (31, 'AL', '2026-02-10'),
       (32, 'AL', '2026-02-15'),
       (32, 'AL', '2026-02-16'),
       (32, 'AL', '2026-02-17'),
       (32, 'AL', '2026-02-18'),
       (32, 'AL', '2026-02-19'),
       (33, 'AL', '2026-02-20'),
       (33, 'AL', '2026-02-21'),
       (33, 'AL', '2026-02-22'),
       (33, 'AL', '2026-02-24'),
       (33, 'AL', '2026-02-25'),
       (33, 'AL', '2026-02-26'),
       (34, 'AL', '2026-02-27'),
       (34, 'AL', '2026-02-28'),
       (34, 'AL', '2026-03-01'),
       (33, 'AL', '2026-03-02'),
       (34, 'AL', '2026-03-03'),
       (34, 'AL', '2026-03-04'),
       (34, 'AL', '2026-03-05'),
       (35, 'AL', '2026-03-06'),
       (35, 'AL', '2026-03-07'),
       (35, 'AL', '2026-03-08'),
       (34, 'AL', '2026-03-09'),
       (35, 'AL', '2026-03-10'),
       (35, 'AL', '2026-03-11'),
       (35, 'AL', '2026-03-12'),
       (36, 'AL', '2026-03-13'),
       (36, 'AL', '2026-03-14'),
       (36, 'AL', '2026-03-15'),
       (35, 'AL', '2026-03-16'),
       (36, 'AL', '2026-03-17'),
       (36, 'AL', '2026-03-18'),
       (36, 'AL', '2026-03-19'),
       (37, 'AL', '2026-03-21'),
       (37, 'AL', '2026-03-22'),
       (36, 'AL', '2026-03-23'),
       (37, 'AL', '2026-03-24'),
       (37, 'AL', '2026-03-25'),
       (37, 'AL', '2026-03-26'),
       (37, 'AL', '2026-03-27'),
       (37, 'AL', '2026-03-30');
