INSERT INTO courses (name)
VALUES ('AM');

INSERT INTO categories (name)
VALUES ('Alphabet'),
       ('Animals'),
       ('AM Story Phrases'),
       ('Calendar'),
       ('Classroom Objects'),
       ('Clothing'),
       ('Colors'),
       ('Family'),
       ('Feelings'),
       ('Food'),
       ('Household Objects'),
       ('Numbers'),
       ('Objects'),
       ('Opposites'),
       ('Parts of the Body'),
       ('Prepositions'),
       ('Shapes'),
       ('Time'),
       ('Toys'),
       ('Weather')
ON CONFLICT DO NOTHING;

INSERT INTO cards (category, index)
VALUES ('Alphabet', 1),
       ('Alphabet', 2),
       ('Alphabet', 3),
       ('Alphabet', 4),
       ('Alphabet', 5),
       ('Alphabet', 6),
       ('Alphabet', 7),
       ('Alphabet', 8),
       ('Alphabet', 9),
       ('Alphabet', 10),
       ('Alphabet', 11),
       ('Alphabet', 12),
       ('Alphabet', 13),
       ('Alphabet', 14),
       ('Alphabet', 15),
       ('Alphabet', 16),
       ('Alphabet', 17),
       ('Alphabet', 18),
       ('Alphabet', 19),
       ('Alphabet', 20),
       ('Alphabet', 21),
       ('Alphabet', 22),
       ('Alphabet', 23),
       ('Alphabet', 24),
       ('Alphabet', 25),
       ('Alphabet', 26),
       ('Alphabet', 27),
       ('Alphabet', 28),
       ('Alphabet', 29),
       ('Alphabet', 30),
       ('Alphabet', 31),
       ('Alphabet', 32),
       ('Alphabet', 33),
       ('Alphabet', 34),
       ('Alphabet', 35),
       ('Alphabet', 36),
       ('Alphabet', 37),
       ('Alphabet', 38),
       ('Alphabet', 39),
       ('Alphabet', 40),
       ('Alphabet', 41),
       ('Alphabet', 42),
       ('Alphabet', 43),
       ('Alphabet', 44),
       ('Alphabet', 45),
       ('Alphabet', 46),
       ('Alphabet', 47),
       ('Alphabet', 48),
       ('Alphabet', 49),
       ('Alphabet', 50),
       ('Alphabet', 51),
       ('Alphabet', 52),
       ('Animals', 1),
       ('Animals', 2),
       ('Animals', 4),
       ('Animals', 5),
       ('Animals', 7),
       ('Animals', 9),
       ('Animals', 12),
       ('Animals', 14),
       ('AM Story Phrases', 1),
       ('AM Story Phrases', 2),
       ('AM Story Phrases', 3),
       ('AM Story Phrases', 4),
       ('AM Story Phrases', 5),
       ('AM Story Phrases', 6),
       ('AM Story Phrases', 7),
       ('AM Story Phrases', 8),
       ('AM Story Phrases', 9),
       ('AM Story Phrases', 10),
       ('AM Story Phrases', 11),
       ('AM Story Phrases', 12),
       ('AM Story Phrases', 13),
       ('AM Story Phrases', 14),
       ('AM Story Phrases', 15),
       ('AM Story Phrases', 16),
       ('AM Story Phrases', 17),
       ('AM Story Phrases', 18),
       ('AM Story Phrases', 19),
       ('AM Story Phrases', 20),
       ('AM Story Phrases', 21),
       ('AM Story Phrases', 22),
       ('AM Story Phrases', 23),
       ('AM Story Phrases', 24),
       ('AM Story Phrases', 25),
       ('AM Story Phrases', 26),
       ('AM Story Phrases', 27),
       ('AM Story Phrases', 28),
       ('AM Story Phrases', 29),
       ('AM Story Phrases', 30),
       ('AM Story Phrases', 31),
       ('AM Story Phrases', 32),
       ('AM Story Phrases', 33),
       ('AM Story Phrases', 34),
       ('AM Story Phrases', 35),
       ('AM Story Phrases', 36),
       ('AM Story Phrases', 37),
       ('AM Story Phrases', 38),
       ('AM Story Phrases', 39),
       ('Calendar', 1),
       ('Calendar', 2),
       ('Calendar', 3),
       ('Calendar', 4),
       ('Calendar', 5),
       ('Calendar', 6),
       ('Calendar', 7),
       ('Classroom Objects', 1),
       ('Classroom Objects', 2),
       ('Classroom Objects', 3),
       ('Classroom Objects', 5),
       ('Classroom Objects', 6),
       ('Classroom Objects', 7),
       ('Classroom Objects', 9),
       ('Classroom Objects', 10),
       ('Classroom Objects', 11),
       ('Classroom Objects', 14),
       ('Classroom Objects', 16),
       ('Classroom Objects', 17),
       ('Classroom Objects', 21),
       ('Classroom Objects', 22),
       ('Clothing', 2),
       ('Clothing', 3),
       ('Clothing', 4),
       ('Clothing', 5),
       ('Clothing', 7),
       ('Clothing', 9),
       ('Clothing', 10),
       ('Clothing', 11),
       ('Clothing', 12),
       ('Clothing', 14),
       ('Clothing', 15),
       ('Clothing', 16),
       ('Colors', 1),
       ('Colors', 2),
       ('Colors', 3),
       ('Colors', 4),
       ('Colors', 5),
       ('Colors', 6),
       ('Colors', 7),
       ('Colors', 8),
       ('Colors', 9),
       ('Colors', 10),
       ('Family', 1),
       ('Family', 2),
       ('Family', 3),
       ('Family', 4),
       ('Family', 5),
       ('Family', 6),
       ('Family', 7),
       ('Feelings', 1),
       ('Feelings', 2),
       ('Feelings', 3),
       ('Feelings', 4),
       ('Feelings', 5),
       ('Feelings', 6),
       ('Feelings', 7),
       ('Feelings', 8),
       ('Feelings', 9),
       ('Food', 3),
       ('Food', 5),
       ('Food', 6),
       ('Food', 7),
       ('Food', 8),
       ('Food', 10),
       ('Food', 11),
       ('Food', 12),
       ('Food', 13),
       ('Food', 15),
       ('Food', 16),
       ('Food', 17),
       ('Food', 19),
       ('Food', 20),
       ('Food', 24),
       ('Food', 25),
       ('Household Objects', 7),
       ('Numbers', 1),
       ('Numbers', 2),
       ('Numbers', 3),
       ('Numbers', 4),
       ('Numbers', 5),
       ('Numbers', 6),
       ('Numbers', 7),
       ('Numbers', 8),
       ('Numbers', 9),
       ('Numbers', 10),
       ('Numbers', 11),
       ('Numbers', 12),
       ('Objects', 1),
       ('Objects', 2),
       ('Objects', 3),
       ('Objects', 4),
       ('Objects', 5),
       ('Objects', 6),
       ('Objects', 7),
       ('Objects', 8),
       ('Opposites', 1),
       ('Opposites', 2),
       ('Opposites', 9),
       ('Opposites', 10),
       ('Parts of the Body', 1),
       ('Parts of the Body', 2),
       ('Parts of the Body', 3),
       ('Parts of the Body', 4),
       ('Parts of the Body', 5),
       ('Parts of the Body', 6),
       ('Parts of the Body', 7),
       ('Parts of the Body', 8),
       ('Prepositions', 1),
       ('Prepositions', 2),
       ('Shapes', 1),
       ('Shapes', 2),
       ('Shapes', 3),
       ('Shapes', 5),
       ('Shapes', 6),
       ('Shapes', 7),
       ('Shapes', 8),
       ('Time', 1),
       ('Time', 2),
       ('Time', 3),
       ('Time', 4),
       ('Time', 5),
       ('Time', 6),
       ('Time', 7),
       ('Time', 8),
       ('Time', 9),
       ('Time', 10),
       ('Time', 11),
       ('Time', 12),
       ('Toys', 1),
       ('Weather', 1),
       ('Weather', 4),
       ('Weather', 5),
       ('Weather', 6),
       ('Weather', 7),
       ('Weather', 7)
ON CONFLICT DO NOTHING;

INSERT INTO themes (name, course)
VALUES ('Can I?', 'AM'),
       ('I Like', 'AM'),
       ('Review Units 1 and 2', 'AM'),
       ('I Can', 'AM'),
       ('I Want', 'AM'),
       ('Review Units 3 and 4', 'AM'),
       ('I Have', 'AM');

INSERT INTO lessons (week, course, theme)
VALUES (1,  'AM', 'Can I?'),
       (2,  'AM', 'Can I?'),
       (3,  'AM', 'Can I?'),
       (4,  'AM', 'Can I?'),
       (5,  'AM', 'Can I?'),
       (6,  'AM', 'Can I?'),
       (7,  'AM', 'Can I?'),
       (8,  'AM', 'I Like'),
       (9,  'AM', 'I Like'),
       (10, 'AM', 'I Like'),
       (11, 'AM', 'I Like'),
       (12, 'AM', 'I Like'),
       (13, 'AM', 'I Like'),
       (14, 'AM', 'I Like'),
       (15, 'AM', 'Review Units 1 and 2'),
       (16, 'AM', 'I Can'),
       (17, 'AM', 'I Can'),
       (18, 'AM', 'I Can'),
       (19, 'AM', 'I Can'),
       (20, 'AM', 'I Can'),
       (21, 'AM', 'I Can'),
       (22, 'AM', 'I Can'),
       (23, 'AM', 'I Want'),
       (24, 'AM', 'I Want'),
       (25, 'AM', 'I Want'),
       (26, 'AM', 'I Want'),
       (27, 'AM', 'I Want'),
       (28, 'AM', 'I Want'),
       (29, 'AM', 'I Want'),
       (30, 'AM', 'Review Units 3 and 4'),
       (31, 'AM', 'I Have'),
       (32, 'AM', 'I Have'),
       (33, 'AM', 'I Have'),
       (34, 'AM', 'I Have'),
       (35, 'AM', 'I Have'),
       (36, 'AM', 'I Have'),
       (37, 'AM', 'I Have');

INSERT INTO materials (lesson_week, lesson_course, card_category, card_index)
VALUES (1, 'AM', 'Alphabet', 1),
       (1, 'AM', 'Alphabet', 2),
       (1, 'AM', 'Alphabet', 27),
       (1, 'AM', 'Alphabet', 28),
       (1, 'AM', 'AM Story Phrases', 1),
       (1, 'AM', 'AM Story Phrases', 2),
       (1, 'AM', 'AM Story Phrases', 3),
       (1, 'AM', 'AM Story Phrases', 4),
       (1, 'AM', 'AM Story Phrases', 5),
       (1, 'AM', 'AM Story Phrases', 6),
       (1, 'AM', 'AM Story Phrases', 7),

       (2, 'AM', 'Alphabet', 1),
       (2, 'AM', 'Alphabet', 2),
       (2, 'AM', 'Alphabet', 3),
       (2, 'AM', 'Alphabet', 4),
       (2, 'AM', 'Alphabet', 27),
       (2, 'AM', 'Alphabet', 28),
       (2, 'AM', 'Alphabet', 29),
       (2, 'AM', 'Alphabet', 30),
       (2, 'AM', 'AM Story Phrases', 1),
       (2, 'AM', 'AM Story Phrases', 2),
       (2, 'AM', 'AM Story Phrases', 3),
       (2, 'AM', 'AM Story Phrases', 4),
       (2, 'AM', 'AM Story Phrases', 5),
       (2, 'AM', 'AM Story Phrases', 6),
       (2, 'AM', 'AM Story Phrases', 7),
       (2, 'AM', 'Calendar', 1),
       (2, 'AM', 'Calendar', 2),
       (2, 'AM', 'Calendar', 3),
       (2, 'AM', 'Calendar', 4),
       (2, 'AM', 'Calendar', 5),
       (2, 'AM', 'Calendar', 6),
       (2, 'AM', 'Calendar', 7),
       (2, 'AM', 'Classroom Objects', 1),
       (2, 'AM', 'Classroom Objects', 5),
       (2, 'AM', 'Classroom Objects', 7),
       (2, 'AM', 'Classroom Objects', 14),
       (2, 'AM', 'Classroom Objects', 16),
       (2, 'AM', 'Classroom Objects', 17),

       (3, 'AM', 'Alphabet', 1),
       (3, 'AM', 'Alphabet', 2),
       (3, 'AM', 'Alphabet', 3),
       (3, 'AM', 'Alphabet', 4),
       (3, 'AM', 'Alphabet', 5),
       (3, 'AM', 'Alphabet', 6),
       (3, 'AM', 'Alphabet', 27),
       (3, 'AM', 'Alphabet', 28),
       (3, 'AM', 'Alphabet', 29),
       (3, 'AM', 'Alphabet', 30),
       (3, 'AM', 'Alphabet', 31),
       (3, 'AM', 'Alphabet', 32),
       (3, 'AM', 'AM Story Phrases', 1),
       (3, 'AM', 'AM Story Phrases', 2),
       (3, 'AM', 'AM Story Phrases', 3),
       (3, 'AM', 'AM Story Phrases', 4),
       (3, 'AM', 'AM Story Phrases', 5),
       (3, 'AM', 'AM Story Phrases', 6),
       (3, 'AM', 'AM Story Phrases', 7),
       (3, 'AM', 'Calendar', 1),
       (3, 'AM', 'Calendar', 2),
       (3, 'AM', 'Calendar', 3),
       (3, 'AM', 'Calendar', 4),
       (3, 'AM', 'Calendar', 5),
       (3, 'AM', 'Calendar', 6),
       (3, 'AM', 'Calendar', 7),
       (3, 'AM', 'Classroom Objects', 1),
       (3, 'AM', 'Classroom Objects', 2),
       (3, 'AM', 'Classroom Objects', 3),
       (3, 'AM', 'Classroom Objects', 5),
       (3, 'AM', 'Classroom Objects', 6),
       (3, 'AM', 'Classroom Objects', 7),
       (3, 'AM', 'Classroom Objects', 9),
       (3, 'AM', 'Classroom Objects', 10),
       (3, 'AM', 'Classroom Objects', 14),
       (3, 'AM', 'Classroom Objects', 16),
       (3, 'AM', 'Classroom Objects', 17),
       (3, 'AM', 'Classroom Objects', 22),
       (3, 'AM', 'Weather', 1),
       (3, 'AM', 'Weather', 4),
       (3, 'AM', 'Weather', 5),
       (3, 'AM', 'Weather', 6),
       (3, 'AM', 'Weather', 7),

       (4, 'AM', 'Alphabet', 1),
       (4, 'AM', 'Alphabet', 2),
       (4, 'AM', 'Alphabet', 3),
       (4, 'AM', 'Alphabet', 4),
       (4, 'AM', 'Alphabet', 5),
       (4, 'AM', 'Alphabet', 6),
       (4, 'AM', 'Alphabet', 7),
       (4, 'AM', 'Alphabet', 8),
       (4, 'AM', 'Alphabet', 27),
       (4, 'AM', 'Alphabet', 28),
       (4, 'AM', 'Alphabet', 29),
       (4, 'AM', 'Alphabet', 30),
       (4, 'AM', 'Alphabet', 31),
       (4, 'AM', 'Alphabet', 32),
       (4, 'AM', 'Alphabet', 33),
       (4, 'AM', 'Alphabet', 34),
       (4, 'AM', 'AM Story Phrases', 1),
       (4, 'AM', 'AM Story Phrases', 2),
       (4, 'AM', 'AM Story Phrases', 3),
       (4, 'AM', 'AM Story Phrases', 4),
       (4, 'AM', 'AM Story Phrases', 5),
       (4, 'AM', 'AM Story Phrases', 6),
       (4, 'AM', 'AM Story Phrases', 7),
       (4, 'AM', 'Calendar', 1),
       (4, 'AM', 'Calendar', 2),
       (4, 'AM', 'Calendar', 3),
       (4, 'AM', 'Calendar', 4),
       (4, 'AM', 'Calendar', 5),
       (4, 'AM', 'Calendar', 6),
       (4, 'AM', 'Calendar', 7),
       (4, 'AM', 'Classroom Objects', 1),
       (4, 'AM', 'Classroom Objects', 2),
       (4, 'AM', 'Classroom Objects', 3),
       (4, 'AM', 'Classroom Objects', 5),
       (4, 'AM', 'Classroom Objects', 6),
       (4, 'AM', 'Classroom Objects', 7),
       (4, 'AM', 'Classroom Objects', 9),
       (4, 'AM', 'Classroom Objects', 10),
       (4, 'AM', 'Classroom Objects', 14),
       (4, 'AM', 'Classroom Objects', 16),
       (4, 'AM', 'Classroom Objects', 17),
       (4, 'AM', 'Classroom Objects', 22),
       (4, 'AM', 'Colors', 1),
       (4, 'AM', 'Colors', 2),
       (4, 'AM', 'Colors', 3),
       (4, 'AM', 'Colors', 4),
       (4, 'AM', 'Colors', 5),
       (4, 'AM', 'Colors', 6),
       (4, 'AM', 'Colors', 7),
       (4, 'AM', 'Colors', 8),
       (4, 'AM', 'Colors', 9),
       (4, 'AM', 'Colors', 10),
       (4, 'AM', 'Weather', 1),
       (4, 'AM', 'Weather', 4),
       (4, 'AM', 'Weather', 5),
       (4, 'AM', 'Weather', 6),
       (4, 'AM', 'Weather', 7),

       (5, 'AM', 'Alphabet', 1),
       (5, 'AM', 'Alphabet', 2),
       (5, 'AM', 'Alphabet', 3),
       (5, 'AM', 'Alphabet', 4),
       (5, 'AM', 'Alphabet', 5),
       (5, 'AM', 'Alphabet', 6),
       (5, 'AM', 'Alphabet', 7),
       (5, 'AM', 'Alphabet', 8),
       (5, 'AM', 'Alphabet', 9),
       (5, 'AM', 'Alphabet', 10),
       (5, 'AM', 'Alphabet', 27),
       (5, 'AM', 'Alphabet', 28),
       (5, 'AM', 'Alphabet', 29),
       (5, 'AM', 'Alphabet', 30),
       (5, 'AM', 'Alphabet', 31),
       (5, 'AM', 'Alphabet', 32),
       (5, 'AM', 'Alphabet', 33),
       (5, 'AM', 'Alphabet', 34),
       (5, 'AM', 'Alphabet', 35),
       (5, 'AM', 'Alphabet', 36),
       (5, 'AM', 'AM Story Phrases', 1),
       (5, 'AM', 'AM Story Phrases', 2),
       (5, 'AM', 'AM Story Phrases', 3),
       (5, 'AM', 'AM Story Phrases', 4),
       (5, 'AM', 'AM Story Phrases', 5),
       (5, 'AM', 'AM Story Phrases', 6),
       (5, 'AM', 'AM Story Phrases', 7),
       (5, 'AM', 'Calendar', 1),
       (5, 'AM', 'Calendar', 2),
       (5, 'AM', 'Calendar', 3),
       (5, 'AM', 'Calendar', 4),
       (5, 'AM', 'Calendar', 5),
       (5, 'AM', 'Calendar', 6),
       (5, 'AM', 'Calendar', 7),
       (5, 'AM', 'Colors', 1),
       (5, 'AM', 'Colors', 2),
       (5, 'AM', 'Colors', 3),
       (5, 'AM', 'Colors', 4),
       (5, 'AM', 'Colors', 5),
       (5, 'AM', 'Colors', 6),
       (5, 'AM', 'Colors', 7),
       (5, 'AM', 'Colors', 8),
       (5, 'AM', 'Colors', 9),
       (5, 'AM', 'Colors', 10),
       (5, 'AM', 'Numbers', 1),
       (5, 'AM', 'Numbers', 2),
       (5, 'AM', 'Numbers', 3),
       (5, 'AM', 'Numbers', 4),
       (5, 'AM', 'Numbers', 5),
       (5, 'AM', 'Numbers', 6),
       (5, 'AM', 'Numbers', 7),
       (5, 'AM', 'Numbers', 8),
       (5, 'AM', 'Numbers', 9),
       (5, 'AM', 'Numbers', 10),
       (5, 'AM', 'Weather', 1),
       (5, 'AM', 'Weather', 4),
       (5, 'AM', 'Weather', 5),
       (5, 'AM', 'Weather', 6),
       (5, 'AM', 'Weather', 7),

       (6, 'AM', 'Alphabet', 1),
       (6, 'AM', 'Alphabet', 2),
       (6, 'AM', 'Alphabet', 3),
       (6, 'AM', 'Alphabet', 4),
       (6, 'AM', 'Alphabet', 5),
       (6, 'AM', 'Alphabet', 6),
       (6, 'AM', 'Alphabet', 7),
       (6, 'AM', 'Alphabet', 8),
       (6, 'AM', 'Alphabet', 9),
       (6, 'AM', 'Alphabet', 10),
       (6, 'AM', 'Alphabet', 11),
       (6, 'AM', 'Alphabet', 12),
       (6, 'AM', 'Alphabet', 27),
       (6, 'AM', 'Alphabet', 28),
       (6, 'AM', 'Alphabet', 29),
       (6, 'AM', 'Alphabet', 30),
       (6, 'AM', 'Alphabet', 31),
       (6, 'AM', 'Alphabet', 32),
       (6, 'AM', 'Alphabet', 33),
       (6, 'AM', 'Alphabet', 34),
       (6, 'AM', 'Alphabet', 35),
       (6, 'AM', 'Alphabet', 36),
       (6, 'AM', 'Alphabet', 37),
       (6, 'AM', 'Alphabet', 38),
       (6, 'AM', 'AM Story Phrases', 1),
       (6, 'AM', 'AM Story Phrases', 2),
       (6, 'AM', 'AM Story Phrases', 3),
       (6, 'AM', 'AM Story Phrases', 4),
       (6, 'AM', 'AM Story Phrases', 5),
       (6, 'AM', 'AM Story Phrases', 6),
       (6, 'AM', 'AM Story Phrases', 7),
       (6, 'AM', 'Calendar', 1),
       (6, 'AM', 'Calendar', 2),
       (6, 'AM', 'Calendar', 3),
       (6, 'AM', 'Calendar', 4),
       (6, 'AM', 'Calendar', 5),
       (6, 'AM', 'Calendar', 6),
       (6, 'AM', 'Calendar', 7),
       (6, 'AM', 'Classroom Objects', 1),
       (6, 'AM', 'Classroom Objects', 2),
       (6, 'AM', 'Classroom Objects', 3),
       (6, 'AM', 'Classroom Objects', 5),
       (6, 'AM', 'Classroom Objects', 6),
       (6, 'AM', 'Classroom Objects', 7),
       (6, 'AM', 'Classroom Objects', 9),
       (6, 'AM', 'Classroom Objects', 10),
       (6, 'AM', 'Classroom Objects', 14),
       (6, 'AM', 'Classroom Objects', 16),
       (6, 'AM', 'Classroom Objects', 17),
       (6, 'AM', 'Classroom Objects', 22),
       (6, 'AM', 'Colors', 1),
       (6, 'AM', 'Colors', 2),
       (6, 'AM', 'Colors', 3),
       (6, 'AM', 'Colors', 4),
       (6, 'AM', 'Colors', 5),
       (6, 'AM', 'Colors', 6),
       (6, 'AM', 'Colors', 7),
       (6, 'AM', 'Colors', 8),
       (6, 'AM', 'Colors', 9),
       (6, 'AM', 'Colors', 10),
       (6, 'AM', 'Numbers', 1),
       (6, 'AM', 'Numbers', 2),
       (6, 'AM', 'Numbers', 3),
       (6, 'AM', 'Numbers', 4),
       (6, 'AM', 'Numbers', 5),
       (6, 'AM', 'Numbers', 6),
       (6, 'AM', 'Numbers', 7),
       (6, 'AM', 'Numbers', 8),
       (6, 'AM', 'Numbers', 9),
       (6, 'AM', 'Numbers', 10),
       (6, 'AM', 'Weather', 1),
       (6, 'AM', 'Weather', 4),
       (6, 'AM', 'Weather', 5),
       (6, 'AM', 'Weather', 6),
       (6, 'AM', 'Weather', 7),

       (7, 'AM', 'Alphabet', 1),
       (7, 'AM', 'Alphabet', 2),
       (7, 'AM', 'Alphabet', 3),
       (7, 'AM', 'Alphabet', 4),
       (7, 'AM', 'Alphabet', 5),
       (7, 'AM', 'Alphabet', 6),
       (7, 'AM', 'Alphabet', 7),
       (7, 'AM', 'Alphabet', 8),
       (7, 'AM', 'Alphabet', 9),
       (7, 'AM', 'Alphabet', 10),
       (7, 'AM', 'Alphabet', 11),
       (7, 'AM', 'Alphabet', 12),
       (7, 'AM', 'Alphabet', 13),
       (7, 'AM', 'Alphabet', 14),
       (7, 'AM', 'Alphabet', 27),
       (7, 'AM', 'Alphabet', 28),
       (7, 'AM', 'Alphabet', 29),
       (7, 'AM', 'Alphabet', 30),
       (7, 'AM', 'Alphabet', 31),
       (7, 'AM', 'Alphabet', 32),
       (7, 'AM', 'Alphabet', 33),
       (7, 'AM', 'Alphabet', 34),
       (7, 'AM', 'Alphabet', 35),
       (7, 'AM', 'Alphabet', 36),
       (7, 'AM', 'Alphabet', 37),
       (7, 'AM', 'Alphabet', 38),
       (7, 'AM', 'Alphabet', 39),
       (7, 'AM', 'Alphabet', 40),
       (7, 'AM', 'AM Story Phrases', 1),
       (7, 'AM', 'AM Story Phrases', 2),
       (7, 'AM', 'AM Story Phrases', 3),
       (7, 'AM', 'AM Story Phrases', 4),
       (7, 'AM', 'AM Story Phrases', 5),
       (7, 'AM', 'AM Story Phrases', 6),
       (7, 'AM', 'AM Story Phrases', 7),
       (7, 'AM', 'Calendar', 1),
       (7, 'AM', 'Calendar', 2),
       (7, 'AM', 'Calendar', 3),
       (7, 'AM', 'Calendar', 4),
       (7, 'AM', 'Calendar', 5),
       (7, 'AM', 'Calendar', 6),
       (7, 'AM', 'Calendar', 7),
       (7, 'AM', 'Classroom Objects', 1),
       (7, 'AM', 'Classroom Objects', 2),
       (7, 'AM', 'Classroom Objects', 3),
       (7, 'AM', 'Classroom Objects', 5),
       (7, 'AM', 'Classroom Objects', 6),
       (7, 'AM', 'Classroom Objects', 7),
       (7, 'AM', 'Classroom Objects', 9),
       (7, 'AM', 'Classroom Objects', 10),
       (7, 'AM', 'Classroom Objects', 14),
       (7, 'AM', 'Classroom Objects', 16),
       (7, 'AM', 'Classroom Objects', 17),
       (7, 'AM', 'Classroom Objects', 22),
       (7, 'AM', 'Colors', 1),
       (7, 'AM', 'Colors', 2),
       (7, 'AM', 'Colors', 3),
       (7, 'AM', 'Colors', 4),
       (7, 'AM', 'Colors', 5),
       (7, 'AM', 'Colors', 6),
       (7, 'AM', 'Colors', 7),
       (7, 'AM', 'Colors', 8),
       (7, 'AM', 'Colors', 9),
       (7, 'AM', 'Colors', 10),
       (7, 'AM', 'Numbers', 1),
       (7, 'AM', 'Numbers', 2),
       (7, 'AM', 'Numbers', 3),
       (7, 'AM', 'Numbers', 4),
       (7, 'AM', 'Numbers', 5),
       (7, 'AM', 'Numbers', 6),
       (7, 'AM', 'Numbers', 7),
       (7, 'AM', 'Numbers', 8),
       (7, 'AM', 'Numbers', 9),
       (7, 'AM', 'Numbers', 10),
       (7, 'AM', 'Weather', 1),
       (7, 'AM', 'Weather', 4),
       (7, 'AM', 'Weather', 5),
       (7, 'AM', 'Weather', 6),
       (7, 'AM', 'Weather', 7),

       (8, 'AM', 'Alphabet', 1),
       (8, 'AM', 'Alphabet', 2),
       (8, 'AM', 'Alphabet', 3),
       (8, 'AM', 'Alphabet', 4),
       (8, 'AM', 'Alphabet', 5),
       (8, 'AM', 'Alphabet', 6),
       (8, 'AM', 'Alphabet', 7),
       (8, 'AM', 'Alphabet', 8),
       (8, 'AM', 'Alphabet', 9),
       (8, 'AM', 'Alphabet', 10),
       (8, 'AM', 'Alphabet', 11),
       (8, 'AM', 'Alphabet', 12),
       (8, 'AM', 'Alphabet', 13),
       (8, 'AM', 'Alphabet', 14),
       (8, 'AM', 'Alphabet', 15),
       (8, 'AM', 'Alphabet', 16),
       (8, 'AM', 'Alphabet', 27),
       (8, 'AM', 'Alphabet', 28),
       (8, 'AM', 'Alphabet', 29),
       (8, 'AM', 'Alphabet', 30),
       (8, 'AM', 'Alphabet', 31),
       (8, 'AM', 'Alphabet', 32),
       (8, 'AM', 'Alphabet', 33),
       (8, 'AM', 'Alphabet', 34),
       (8, 'AM', 'Alphabet', 35),
       (8, 'AM', 'Alphabet', 36),
       (8, 'AM', 'Alphabet', 37),
       (8, 'AM', 'Alphabet', 38),
       (8, 'AM', 'Alphabet', 39),
       (8, 'AM', 'Alphabet', 40),
       (8, 'AM', 'Alphabet', 41),
       (8, 'AM', 'Alphabet', 42),
       (8, 'AM', 'AM Story Phrases', 8),
       (8, 'AM', 'AM Story Phrases', 9),
       (8, 'AM', 'AM Story Phrases', 10),
       (8, 'AM', 'AM Story Phrases', 11),
       (8, 'AM', 'AM Story Phrases', 12),
       (8, 'AM', 'AM Story Phrases', 13),
       (8, 'AM', 'AM Story Phrases', 14),
       (8, 'AM', 'AM Story Phrases', 15),
       (8, 'AM', 'Calendar', 1),
       (8, 'AM', 'Calendar', 2),
       (8, 'AM', 'Calendar', 3),
       (8, 'AM', 'Calendar', 4),
       (8, 'AM', 'Calendar', 5),
       (8, 'AM', 'Calendar', 6),
       (8, 'AM', 'Calendar', 7),
       (8, 'AM', 'Feelings', 1),
       (8, 'AM', 'Feelings', 2),
       (8, 'AM', 'Feelings', 3),
       (8, 'AM', 'Weather', 1),
       (8, 'AM', 'Weather', 4),
       (8, 'AM', 'Weather', 5),
       (8, 'AM', 'Weather', 6),
       (8, 'AM', 'Weather', 7),

       (9, 'AM', 'Alphabet', 1),
       (9, 'AM', 'Alphabet', 2),
       (9, 'AM', 'Alphabet', 3),
       (9, 'AM', 'Alphabet', 4),
       (9, 'AM', 'Alphabet', 5),
       (9, 'AM', 'Alphabet', 6),
       (9, 'AM', 'Alphabet', 7),
       (9, 'AM', 'Alphabet', 8),
       (9, 'AM', 'Alphabet', 9),
       (9, 'AM', 'Alphabet', 10),
       (9, 'AM', 'Alphabet', 11),
       (9, 'AM', 'Alphabet', 12),
       (9, 'AM', 'Alphabet', 13),
       (9, 'AM', 'Alphabet', 14),
       (9, 'AM', 'Alphabet', 15),
       (9, 'AM', 'Alphabet', 16),
       (9, 'AM', 'Alphabet', 17),
       (9, 'AM', 'Alphabet', 18),
       (9, 'AM', 'Alphabet', 27),
       (9, 'AM', 'Alphabet', 28),
       (9, 'AM', 'Alphabet', 29),
       (9, 'AM', 'Alphabet', 30),
       (9, 'AM', 'Alphabet', 31),
       (9, 'AM', 'Alphabet', 32),
       (9, 'AM', 'Alphabet', 33),
       (9, 'AM', 'Alphabet', 34),
       (9, 'AM', 'Alphabet', 35),
       (9, 'AM', 'Alphabet', 36),
       (9, 'AM', 'Alphabet', 37),
       (9, 'AM', 'Alphabet', 38),
       (9, 'AM', 'Alphabet', 39),
       (9, 'AM', 'Alphabet', 40),
       (9, 'AM', 'Alphabet', 41),
       (9, 'AM', 'Alphabet', 42),
       (9, 'AM', 'Alphabet', 43),
       (9, 'AM', 'Alphabet', 44),
       (9, 'AM', 'AM Story Phrases', 8),
       (9, 'AM', 'AM Story Phrases', 9),
       (9, 'AM', 'AM Story Phrases', 10),
       (9, 'AM', 'AM Story Phrases', 11),
       (9, 'AM', 'AM Story Phrases', 12),
       (9, 'AM', 'AM Story Phrases', 13),
       (9, 'AM', 'AM Story Phrases', 14),
       (9, 'AM', 'AM Story Phrases', 15),
       (9, 'AM', 'Calendar', 1),
       (9, 'AM', 'Calendar', 2),
       (9, 'AM', 'Calendar', 3),
       (9, 'AM', 'Calendar', 4),
       (9, 'AM', 'Calendar', 5),
       (9, 'AM', 'Calendar', 6),
       (9, 'AM', 'Calendar', 7),
       (9, 'AM', 'Feelings', 1),
       (9, 'AM', 'Feelings', 2),
       (9, 'AM', 'Feelings', 3),
       (9, 'AM', 'Food', 6),
       (9, 'AM', 'Food', 7),
       (9, 'AM', 'Food', 10),
       (9, 'AM', 'Food', 12),
       (9, 'AM', 'Food', 13),
       (9, 'AM', 'Food', 15),
       (9, 'AM', 'Food', 17),
       (9, 'AM', 'Food', 20),
       (9, 'AM', 'Weather', 1),
       (9, 'AM', 'Weather', 4),
       (9, 'AM', 'Weather', 5),
       (9, 'AM', 'Weather', 6),
       (9, 'AM', 'Weather', 7),

       (10, 'AM', 'Alphabet', 1),
       (10, 'AM', 'Alphabet', 2),
       (10, 'AM', 'Alphabet', 3),
       (10, 'AM', 'Alphabet', 4),
       (10, 'AM', 'Alphabet', 5),
       (10, 'AM', 'Alphabet', 6),
       (10, 'AM', 'Alphabet', 7),
       (10, 'AM', 'Alphabet', 8),
       (10, 'AM', 'Alphabet', 9),
       (10, 'AM', 'Alphabet', 10),
       (10, 'AM', 'Alphabet', 11),
       (10, 'AM', 'Alphabet', 12),
       (10, 'AM', 'Alphabet', 13),
       (10, 'AM', 'Alphabet', 14),
       (10, 'AM', 'Alphabet', 15),
       (10, 'AM', 'Alphabet', 16),
       (10, 'AM', 'Alphabet', 17),
       (10, 'AM', 'Alphabet', 18),
       (10, 'AM', 'Alphabet', 19),
       (10, 'AM', 'Alphabet', 20),
       (10, 'AM', 'Alphabet', 27),
       (10, 'AM', 'Alphabet', 28),
       (10, 'AM', 'Alphabet', 29),
       (10, 'AM', 'Alphabet', 30),
       (10, 'AM', 'Alphabet', 31),
       (10, 'AM', 'Alphabet', 32),
       (10, 'AM', 'Alphabet', 33),
       (10, 'AM', 'Alphabet', 34),
       (10, 'AM', 'Alphabet', 35),
       (10, 'AM', 'Alphabet', 36),
       (10, 'AM', 'Alphabet', 37),
       (10, 'AM', 'Alphabet', 38),
       (10, 'AM', 'Alphabet', 39),
       (10, 'AM', 'Alphabet', 40),
       (10, 'AM', 'Alphabet', 41),
       (10, 'AM', 'Alphabet', 42),
       (10, 'AM', 'Alphabet', 43),
       (10, 'AM', 'Alphabet', 44),
       (10, 'AM', 'Alphabet', 45),
       (10, 'AM', 'Alphabet', 46),
       (10, 'AM', 'AM Story Phrases', 8),
       (10, 'AM', 'AM Story Phrases', 9),
       (10, 'AM', 'AM Story Phrases', 10),
       (10, 'AM', 'AM Story Phrases', 11),
       (10, 'AM', 'AM Story Phrases', 12),
       (10, 'AM', 'AM Story Phrases', 13),
       (10, 'AM', 'AM Story Phrases', 14),
       (10, 'AM', 'AM Story Phrases', 15),
       (10, 'AM', 'Calendar', 1),
       (10, 'AM', 'Calendar', 2),
       (10, 'AM', 'Calendar', 3),
       (10, 'AM', 'Calendar', 4),
       (10, 'AM', 'Calendar', 5),
       (10, 'AM', 'Calendar', 6),
       (10, 'AM', 'Calendar', 7),
       (10, 'AM', 'Feelings', 1),
       (10, 'AM', 'Feelings', 2),
       (10, 'AM', 'Feelings', 3),
       (10, 'AM', 'Food', 3),
       (10, 'AM', 'Food', 5),
       (10, 'AM', 'Food', 6),
       (10, 'AM', 'Food', 7),
       (10, 'AM', 'Food', 8),
       (10, 'AM', 'Food', 10),
       (10, 'AM', 'Food', 12),
       (10, 'AM', 'Food', 13),
       (10, 'AM', 'Food', 15),
       (10, 'AM', 'Food', 16),
       (10, 'AM', 'Food', 17),
       (10, 'AM', 'Food', 19),
       (10, 'AM', 'Food', 20),
       (10, 'AM', 'Food', 24),
       (10, 'AM', 'Food', 25),
       (10, 'AM', 'Weather', 1),
       (10, 'AM', 'Weather', 4),
       (10, 'AM', 'Weather', 5),
       (10, 'AM', 'Weather', 6),
       (10, 'AM', 'Weather', 7),

       (11, 'AM', 'Alphabet', 1),
       (11, 'AM', 'Alphabet', 2),
       (11, 'AM', 'Alphabet', 3),
       (11, 'AM', 'Alphabet', 4),
       (11, 'AM', 'Alphabet', 5),
       (11, 'AM', 'Alphabet', 6),
       (11, 'AM', 'Alphabet', 7),
       (11, 'AM', 'Alphabet', 8),
       (11, 'AM', 'Alphabet', 9),
       (11, 'AM', 'Alphabet', 10),
       (11, 'AM', 'Alphabet', 11),
       (11, 'AM', 'Alphabet', 12),
       (11, 'AM', 'Alphabet', 13),
       (11, 'AM', 'Alphabet', 14),
       (11, 'AM', 'Alphabet', 15),
       (11, 'AM', 'Alphabet', 16),
       (11, 'AM', 'Alphabet', 17),
       (11, 'AM', 'Alphabet', 18),
       (11, 'AM', 'Alphabet', 19),
       (11, 'AM', 'Alphabet', 20),
       (11, 'AM', 'Alphabet', 21),
       (11, 'AM', 'Alphabet', 22),
       (11, 'AM', 'Alphabet', 27),
       (11, 'AM', 'Alphabet', 28),
       (11, 'AM', 'Alphabet', 29),
       (11, 'AM', 'Alphabet', 30),
       (11, 'AM', 'Alphabet', 31),
       (11, 'AM', 'Alphabet', 32),
       (11, 'AM', 'Alphabet', 33),
       (11, 'AM', 'Alphabet', 34),
       (11, 'AM', 'Alphabet', 35),
       (11, 'AM', 'Alphabet', 36),
       (11, 'AM', 'Alphabet', 37),
       (11, 'AM', 'Alphabet', 38),
       (11, 'AM', 'Alphabet', 39),
       (11, 'AM', 'Alphabet', 40),
       (11, 'AM', 'Alphabet', 41),
       (11, 'AM', 'Alphabet', 42),
       (11, 'AM', 'Alphabet', 43),
       (11, 'AM', 'Alphabet', 44),
       (11, 'AM', 'Alphabet', 45),
       (11, 'AM', 'Alphabet', 46),
       (11, 'AM', 'Alphabet', 47),
       (11, 'AM', 'Alphabet', 48),
       (11, 'AM', 'AM Story Phrases', 8),
       (11, 'AM', 'AM Story Phrases', 9),
       (11, 'AM', 'AM Story Phrases', 10),
       (11, 'AM', 'AM Story Phrases', 11),
       (11, 'AM', 'AM Story Phrases', 12),
       (11, 'AM', 'AM Story Phrases', 13),
       (11, 'AM', 'AM Story Phrases', 14),
       (11, 'AM', 'AM Story Phrases', 15),
       (11, 'AM', 'Calendar', 1),
       (11, 'AM', 'Calendar', 2),
       (11, 'AM', 'Calendar', 3),
       (11, 'AM', 'Calendar', 4),
       (11, 'AM', 'Calendar', 5),
       (11, 'AM', 'Calendar', 6),
       (11, 'AM', 'Calendar', 7),
       (11, 'AM', 'Feelings', 1),
       (11, 'AM', 'Feelings', 2),
       (11, 'AM', 'Feelings', 3),
       (11, 'AM', 'Food', 3),
       (11, 'AM', 'Food', 5),
       (11, 'AM', 'Food', 8),
       (11, 'AM', 'Food', 11),
       (11, 'AM', 'Food', 16),
       (11, 'AM', 'Food', 19),
       (11, 'AM', 'Food', 24),
       (11, 'AM', 'Food', 25),
       (11, 'AM', 'Numbers', 1),
       (11, 'AM', 'Numbers', 2),
       (11, 'AM', 'Numbers', 3),
       (11, 'AM', 'Numbers', 4),
       (11, 'AM', 'Numbers', 5),
       (11, 'AM', 'Numbers', 6),
       (11, 'AM', 'Numbers', 7),
       (11, 'AM', 'Numbers', 8),
       (11, 'AM', 'Numbers', 9),
       (11, 'AM', 'Numbers', 10),
       (11, 'AM', 'Numbers', 11),
       (11, 'AM', 'Numbers', 12),
       (11, 'AM', 'Weather', 1),
       (11, 'AM', 'Weather', 4),
       (11, 'AM', 'Weather', 5),
       (11, 'AM', 'Weather', 6),
       (11, 'AM', 'Weather', 7),

       (12, 'AM', 'Alphabet', 1),
       (12, 'AM', 'Alphabet', 2),
       (12, 'AM', 'Alphabet', 3),
       (12, 'AM', 'Alphabet', 4),
       (12, 'AM', 'Alphabet', 5),
       (12, 'AM', 'Alphabet', 6),
       (12, 'AM', 'Alphabet', 7),
       (12, 'AM', 'Alphabet', 8),
       (12, 'AM', 'Alphabet', 9),
       (12, 'AM', 'Alphabet', 10),
       (12, 'AM', 'Alphabet', 11),
       (12, 'AM', 'Alphabet', 12),
       (12, 'AM', 'Alphabet', 13),
       (12, 'AM', 'Alphabet', 14),
       (12, 'AM', 'Alphabet', 15),
       (12, 'AM', 'Alphabet', 16),
       (12, 'AM', 'Alphabet', 17),
       (12, 'AM', 'Alphabet', 18),
       (12, 'AM', 'Alphabet', 19),
       (12, 'AM', 'Alphabet', 20),
       (12, 'AM', 'Alphabet', 21),
       (12, 'AM', 'Alphabet', 22),
       (12, 'AM', 'Alphabet', 23),
       (12, 'AM', 'Alphabet', 24),
       (12, 'AM', 'Alphabet', 27),
       (12, 'AM', 'Alphabet', 28),
       (12, 'AM', 'Alphabet', 29),
       (12, 'AM', 'Alphabet', 30),
       (12, 'AM', 'Alphabet', 31),
       (12, 'AM', 'Alphabet', 32),
       (12, 'AM', 'Alphabet', 33),
       (12, 'AM', 'Alphabet', 34),
       (12, 'AM', 'Alphabet', 35),
       (12, 'AM', 'Alphabet', 36),
       (12, 'AM', 'Alphabet', 37),
       (12, 'AM', 'Alphabet', 38),
       (12, 'AM', 'Alphabet', 39),
       (12, 'AM', 'Alphabet', 40),
       (12, 'AM', 'Alphabet', 41),
       (12, 'AM', 'Alphabet', 42),
       (12, 'AM', 'Alphabet', 43),
       (12, 'AM', 'Alphabet', 44),
       (12, 'AM', 'Alphabet', 45),
       (12, 'AM', 'Alphabet', 46),
       (12, 'AM', 'Alphabet', 47),
       (12, 'AM', 'Alphabet', 48),
       (12, 'AM', 'Alphabet', 49),
       (12, 'AM', 'Alphabet', 50),
       (12, 'AM', 'AM Story Phrases', 8),
       (12, 'AM', 'AM Story Phrases', 9),
       (12, 'AM', 'AM Story Phrases', 10),
       (12, 'AM', 'AM Story Phrases', 11),
       (12, 'AM', 'AM Story Phrases', 12),
       (12, 'AM', 'AM Story Phrases', 13),
       (12, 'AM', 'AM Story Phrases', 14),
       (12, 'AM', 'AM Story Phrases', 15),
       (12, 'AM', 'Calendar', 1),
       (12, 'AM', 'Calendar', 2),
       (12, 'AM', 'Calendar', 3),
       (12, 'AM', 'Calendar', 4),
       (12, 'AM', 'Calendar', 5),
       (12, 'AM', 'Calendar', 6),
       (12, 'AM', 'Calendar', 7),
       (12, 'AM', 'Feelings', 1),
       (12, 'AM', 'Feelings', 2),
       (12, 'AM', 'Feelings', 3),
       (12, 'AM', 'Feelings', 4),
       (12, 'AM', 'Feelings', 5),
       (12, 'AM', 'Feelings', 6),
       (12, 'AM', 'Feelings', 7),
       (12, 'AM', 'Feelings', 8),
       (12, 'AM', 'Feelings', 9),
       (12, 'AM', 'Numbers', 1),
       (12, 'AM', 'Numbers', 2),
       (12, 'AM', 'Numbers', 3),
       (12, 'AM', 'Numbers', 4),
       (12, 'AM', 'Numbers', 5),
       (12, 'AM', 'Numbers', 6),
       (12, 'AM', 'Numbers', 7),
       (12, 'AM', 'Numbers', 8),
       (12, 'AM', 'Numbers', 9),
       (12, 'AM', 'Numbers', 10),
       (12, 'AM', 'Numbers', 11),
       (12, 'AM', 'Numbers', 12),
       (12, 'AM', 'Weather', 1),
       (12, 'AM', 'Weather', 4),
       (12, 'AM', 'Weather', 5),
       (12, 'AM', 'Weather', 6),
       (12, 'AM', 'Weather', 7),

       (13, 'AM', 'Alphabet', 1),
       (13, 'AM', 'Alphabet', 2),
       (13, 'AM', 'Alphabet', 3),
       (13, 'AM', 'Alphabet', 4),
       (13, 'AM', 'Alphabet', 5),
       (13, 'AM', 'Alphabet', 6),
       (13, 'AM', 'Alphabet', 7),
       (13, 'AM', 'Alphabet', 8),
       (13, 'AM', 'Alphabet', 9),
       (13, 'AM', 'Alphabet', 10),
       (13, 'AM', 'Alphabet', 11),
       (13, 'AM', 'Alphabet', 12),
       (13, 'AM', 'Alphabet', 13),
       (13, 'AM', 'Alphabet', 14),
       (13, 'AM', 'Alphabet', 15),
       (13, 'AM', 'Alphabet', 16),
       (13, 'AM', 'Alphabet', 17),
       (13, 'AM', 'Alphabet', 18),
       (13, 'AM', 'Alphabet', 19),
       (13, 'AM', 'Alphabet', 20),
       (13, 'AM', 'Alphabet', 21),
       (13, 'AM', 'Alphabet', 22),
       (13, 'AM', 'Alphabet', 23),
       (13, 'AM', 'Alphabet', 24),
       (13, 'AM', 'Alphabet', 25),
       (13, 'AM', 'Alphabet', 26),
       (13, 'AM', 'Alphabet', 27),
       (13, 'AM', 'Alphabet', 28),
       (13, 'AM', 'Alphabet', 29),
       (13, 'AM', 'Alphabet', 30),
       (13, 'AM', 'Alphabet', 31),
       (13, 'AM', 'Alphabet', 32),
       (13, 'AM', 'Alphabet', 33),
       (13, 'AM', 'Alphabet', 34),
       (13, 'AM', 'Alphabet', 35),
       (13, 'AM', 'Alphabet', 36),
       (13, 'AM', 'Alphabet', 37),
       (13, 'AM', 'Alphabet', 38),
       (13, 'AM', 'Alphabet', 39),
       (13, 'AM', 'Alphabet', 40),
       (13, 'AM', 'Alphabet', 41),
       (13, 'AM', 'Alphabet', 42),
       (13, 'AM', 'Alphabet', 43),
       (13, 'AM', 'Alphabet', 44),
       (13, 'AM', 'Alphabet', 45),
       (13, 'AM', 'Alphabet', 46),
       (13, 'AM', 'Alphabet', 47),
       (13, 'AM', 'Alphabet', 48),
       (13, 'AM', 'Alphabet', 49),
       (13, 'AM', 'Alphabet', 50),
       (13, 'AM', 'Alphabet', 51),
       (13, 'AM', 'Alphabet', 52),
       (13, 'AM', 'AM Story Phrases', 8),
       (13, 'AM', 'AM Story Phrases', 9),
       (13, 'AM', 'AM Story Phrases', 10),
       (13, 'AM', 'AM Story Phrases', 11),
       (13, 'AM', 'AM Story Phrases', 12),
       (13, 'AM', 'AM Story Phrases', 13),
       (13, 'AM', 'AM Story Phrases', 14),
       (13, 'AM', 'AM Story Phrases', 15),
       (13, 'AM', 'Calendar', 1),
       (13, 'AM', 'Calendar', 2),
       (13, 'AM', 'Calendar', 3),
       (13, 'AM', 'Calendar', 4),
       (13, 'AM', 'Calendar', 5),
       (13, 'AM', 'Calendar', 6),
       (13, 'AM', 'Calendar', 7),
       (13, 'AM', 'Feelings', 1),
       (13, 'AM', 'Feelings', 2),
       (13, 'AM', 'Feelings', 3),
       (13, 'AM', 'Feelings', 4),
       (13, 'AM', 'Feelings', 5),
       (13, 'AM', 'Feelings', 6),
       (13, 'AM', 'Feelings', 7),
       (13, 'AM', 'Feelings', 8),
       (13, 'AM', 'Feelings', 9),
       (13, 'AM', 'Food', 3),
       (13, 'AM', 'Food', 5),
       (13, 'AM', 'Food', 6),
       (13, 'AM', 'Food', 7),
       (13, 'AM', 'Food', 8),
       (13, 'AM', 'Food', 10),
       (13, 'AM', 'Food', 11),
       (13, 'AM', 'Food', 12),
       (13, 'AM', 'Food', 13),
       (13, 'AM', 'Food', 15),
       (13, 'AM', 'Food', 16),
       (13, 'AM', 'Food', 17),
       (13, 'AM', 'Food', 19),
       (13, 'AM', 'Food', 20),
       (13, 'AM', 'Food', 24),
       (13, 'AM', 'Food', 25),
       (13, 'AM', 'Numbers', 1),
       (13, 'AM', 'Numbers', 2),
       (13, 'AM', 'Numbers', 3),
       (13, 'AM', 'Numbers', 4),
       (13, 'AM', 'Numbers', 5),
       (13, 'AM', 'Numbers', 6),
       (13, 'AM', 'Numbers', 7),
       (13, 'AM', 'Numbers', 8),
       (13, 'AM', 'Numbers', 9),
       (13, 'AM', 'Numbers', 10),
       (13, 'AM', 'Numbers', 11),
       (13, 'AM', 'Numbers', 12),
       (13, 'AM', 'Weather', 1),
       (13, 'AM', 'Weather', 4),
       (13, 'AM', 'Weather', 5),
       (13, 'AM', 'Weather', 6),
       (13, 'AM', 'Weather', 7),

       (14, 'AM', 'Alphabet', 1),
       (14, 'AM', 'Alphabet', 2),
       (14, 'AM', 'Alphabet', 3),
       (14, 'AM', 'Alphabet', 4),
       (14, 'AM', 'Alphabet', 5),
       (14, 'AM', 'Alphabet', 6),
       (14, 'AM', 'Alphabet', 7),
       (14, 'AM', 'Alphabet', 8),
       (14, 'AM', 'Alphabet', 9),
       (14, 'AM', 'Alphabet', 10),
       (14, 'AM', 'Alphabet', 11),
       (14, 'AM', 'Alphabet', 12),
       (14, 'AM', 'Alphabet', 13),
       (14, 'AM', 'Alphabet', 27),
       (14, 'AM', 'Alphabet', 28),
       (14, 'AM', 'Alphabet', 29),
       (14, 'AM', 'Alphabet', 30),
       (14, 'AM', 'Alphabet', 31),
       (14, 'AM', 'Alphabet', 32),
       (14, 'AM', 'Alphabet', 33),
       (14, 'AM', 'Alphabet', 34),
       (14, 'AM', 'Alphabet', 35),
       (14, 'AM', 'Alphabet', 36),
       (14, 'AM', 'Alphabet', 37),
       (14, 'AM', 'Alphabet', 38),
       (14, 'AM', 'Alphabet', 39),
       (14, 'AM', 'AM Story Phrases', 8),
       (14, 'AM', 'AM Story Phrases', 9),
       (14, 'AM', 'AM Story Phrases', 10),
       (14, 'AM', 'AM Story Phrases', 11),
       (14, 'AM', 'AM Story Phrases', 12),
       (14, 'AM', 'AM Story Phrases', 13),
       (14, 'AM', 'AM Story Phrases', 14),
       (14, 'AM', 'AM Story Phrases', 15),
       (14, 'AM', 'Calendar', 1),
       (14, 'AM', 'Calendar', 2),
       (14, 'AM', 'Calendar', 3),
       (14, 'AM', 'Calendar', 4),
       (14, 'AM', 'Calendar', 5),
       (14, 'AM', 'Calendar', 6),
       (14, 'AM', 'Calendar', 7),
       (14, 'AM', 'Feelings', 1),
       (14, 'AM', 'Feelings', 2),
       (14, 'AM', 'Feelings', 3),
       (14, 'AM', 'Feelings', 4),
       (14, 'AM', 'Feelings', 5),
       (14, 'AM', 'Feelings', 6),
       (14, 'AM', 'Feelings', 7),
       (14, 'AM', 'Feelings', 8),
       (14, 'AM', 'Feelings', 9),
       (14, 'AM', 'Food', 3),
       (14, 'AM', 'Food', 5),
       (14, 'AM', 'Food', 6),
       (14, 'AM', 'Food', 7),
       (14, 'AM', 'Food', 8),
       (14, 'AM', 'Food', 10),
       (14, 'AM', 'Food', 11),
       (14, 'AM', 'Food', 12),
       (14, 'AM', 'Food', 13),
       (14, 'AM', 'Food', 15),
       (14, 'AM', 'Food', 16),
       (14, 'AM', 'Food', 17),
       (14, 'AM', 'Food', 19),
       (14, 'AM', 'Food', 20),
       (14, 'AM', 'Food', 24),
       (14, 'AM', 'Food', 25),
       (14, 'AM', 'Numbers', 1),
       (14, 'AM', 'Numbers', 2),
       (14, 'AM', 'Numbers', 3),
       (14, 'AM', 'Numbers', 4),
       (14, 'AM', 'Numbers', 5),
       (14, 'AM', 'Numbers', 6),
       (14, 'AM', 'Numbers', 7),
       (14, 'AM', 'Numbers', 8),
       (14, 'AM', 'Numbers', 9),
       (14, 'AM', 'Numbers', 10),
       (14, 'AM', 'Numbers', 11),
       (14, 'AM', 'Numbers', 12),
       (14, 'AM', 'Weather', 1),
       (14, 'AM', 'Weather', 4),
       (14, 'AM', 'Weather', 5),
       (14, 'AM', 'Weather', 6),
       (14, 'AM', 'Weather', 7),

       (15, 'AM', 'Alphabet', 14),
       (15, 'AM', 'Alphabet', 15),
       (15, 'AM', 'Alphabet', 16),
       (15, 'AM', 'Alphabet', 17),
       (15, 'AM', 'Alphabet', 18),
       (15, 'AM', 'Alphabet', 19),
       (15, 'AM', 'Alphabet', 20),
       (15, 'AM', 'Alphabet', 21),
       (15, 'AM', 'Alphabet', 22),
       (15, 'AM', 'Alphabet', 23),
       (15, 'AM', 'Alphabet', 24),
       (15, 'AM', 'Alphabet', 25),
       (15, 'AM', 'Alphabet', 26),
       (15, 'AM', 'Alphabet', 40),
       (15, 'AM', 'Alphabet', 41),
       (15, 'AM', 'Alphabet', 42),
       (15, 'AM', 'Alphabet', 43),
       (15, 'AM', 'Alphabet', 44),
       (15, 'AM', 'Alphabet', 45),
       (15, 'AM', 'Alphabet', 46),
       (15, 'AM', 'Alphabet', 47),
       (15, 'AM', 'Alphabet', 48),
       (15, 'AM', 'Alphabet', 49),
       (15, 'AM', 'Alphabet', 50),
       (15, 'AM', 'Alphabet', 51),
       (15, 'AM', 'Alphabet', 52),
       (15, 'AM', 'AM Story Phrases', 1),
       (15, 'AM', 'AM Story Phrases', 2),
       (15, 'AM', 'AM Story Phrases', 3),
       (15, 'AM', 'AM Story Phrases', 4),
       (15, 'AM', 'AM Story Phrases', 5),
       (15, 'AM', 'AM Story Phrases', 6),
       (15, 'AM', 'AM Story Phrases', 7),
       (15, 'AM', 'AM Story Phrases', 8),
       (15, 'AM', 'AM Story Phrases', 9),
       (15, 'AM', 'AM Story Phrases', 10),
       (15, 'AM', 'AM Story Phrases', 11),
       (15, 'AM', 'AM Story Phrases', 12),
       (15, 'AM', 'AM Story Phrases', 13),
       (15, 'AM', 'AM Story Phrases', 14),
       (15, 'AM', 'AM Story Phrases', 15),
       (15, 'AM', 'Calendar', 1),
       (15, 'AM', 'Calendar', 2),
       (15, 'AM', 'Calendar', 3),
       (15, 'AM', 'Calendar', 4),
       (15, 'AM', 'Calendar', 5),
       (15, 'AM', 'Calendar', 6),
       (15, 'AM', 'Calendar', 7),
       (15, 'AM', 'Classroom Objects', 1),
       (15, 'AM', 'Classroom Objects', 2),
       (15, 'AM', 'Classroom Objects', 3),
       (15, 'AM', 'Classroom Objects', 5),
       (15, 'AM', 'Classroom Objects', 6),
       (15, 'AM', 'Classroom Objects', 7),
       (15, 'AM', 'Classroom Objects', 9),
       (15, 'AM', 'Classroom Objects', 10),
       (15, 'AM', 'Classroom Objects', 14),
       (15, 'AM', 'Classroom Objects', 16),
       (15, 'AM', 'Classroom Objects', 17),
       (15, 'AM', 'Classroom Objects', 22),
       (15, 'AM', 'Colors', 1),
       (15, 'AM', 'Colors', 2),
       (15, 'AM', 'Colors', 3),
       (15, 'AM', 'Colors', 4),
       (15, 'AM', 'Colors', 5),
       (15, 'AM', 'Colors', 6),
       (15, 'AM', 'Colors', 7),
       (15, 'AM', 'Colors', 8),
       (15, 'AM', 'Colors', 9),
       (15, 'AM', 'Colors', 10),
       (15, 'AM', 'Feelings', 1),
       (15, 'AM', 'Feelings', 2),
       (15, 'AM', 'Feelings', 3),
       (15, 'AM', 'Feelings', 4),
       (15, 'AM', 'Feelings', 5),
       (15, 'AM', 'Feelings', 6),
       (15, 'AM', 'Feelings', 7),
       (15, 'AM', 'Feelings', 8),
       (15, 'AM', 'Feelings', 9),
       (15, 'AM', 'Food', 3),
       (15, 'AM', 'Food', 5),
       (15, 'AM', 'Food', 6),
       (15, 'AM', 'Food', 7),
       (15, 'AM', 'Food', 8),
       (15, 'AM', 'Food', 10),
       (15, 'AM', 'Food', 11),
       (15, 'AM', 'Food', 12),
       (15, 'AM', 'Food', 13),
       (15, 'AM', 'Food', 15),
       (15, 'AM', 'Food', 16),
       (15, 'AM', 'Food', 17),
       (15, 'AM', 'Food', 19),
       (15, 'AM', 'Food', 20),
       (15, 'AM', 'Food', 24),
       (15, 'AM', 'Food', 25),
       (15, 'AM', 'Numbers', 1),
       (15, 'AM', 'Numbers', 2),
       (15, 'AM', 'Numbers', 3),
       (15, 'AM', 'Numbers', 4),
       (15, 'AM', 'Numbers', 5),
       (15, 'AM', 'Numbers', 6),
       (15, 'AM', 'Numbers', 7),
       (15, 'AM', 'Numbers', 8),
       (15, 'AM', 'Numbers', 9),
       (15, 'AM', 'Numbers', 10),
       (15, 'AM', 'Numbers', 11),
       (15, 'AM', 'Numbers', 12),
       (15, 'AM', 'Weather', 1),
       (15, 'AM', 'Weather', 4),
       (15, 'AM', 'Weather', 5),
       (15, 'AM', 'Weather', 6),
       (15, 'AM', 'Weather', 7),

       (16, 'AM', 'Alphabet', 1),
       (16, 'AM', 'Alphabet', 2),
       (16, 'AM', 'Alphabet', 3),
       (16, 'AM', 'Alphabet', 4),
       (16, 'AM', 'Alphabet', 27),
       (16, 'AM', 'Alphabet', 28),
       (16, 'AM', 'Alphabet', 29),
       (16, 'AM', 'Alphabet', 30),
       (16, 'AM', 'AM Story Phrases', 16),
       (16, 'AM', 'AM Story Phrases', 17),
       (16, 'AM', 'AM Story Phrases', 18),
       (16, 'AM', 'AM Story Phrases', 19),
       (16, 'AM', 'AM Story Phrases', 20),
       (16, 'AM', 'AM Story Phrases', 21),
       (16, 'AM', 'AM Story Phrases', 22),
       (16, 'AM', 'AM Story Phrases', 23),
       (16, 'AM', 'Calendar', 1),
       (16, 'AM', 'Calendar', 2),
       (16, 'AM', 'Calendar', 3),
       (16, 'AM', 'Calendar', 4),
       (16, 'AM', 'Calendar', 5),
       (16, 'AM', 'Calendar', 6),
       (16, 'AM', 'Calendar', 7),
       (16, 'AM', 'Weather', 1),
       (16, 'AM', 'Weather', 4),
       (16, 'AM', 'Weather', 5),
       (16, 'AM', 'Weather', 6),
       (16, 'AM', 'Weather', 7),

       (17, 'AM', 'Alphabet', 1),
       (17, 'AM', 'Alphabet', 2),
       (17, 'AM', 'Alphabet', 3),
       (17, 'AM', 'Alphabet', 4),
       (17, 'AM', 'Alphabet', 27),
       (17, 'AM', 'Alphabet', 28),
       (17, 'AM', 'Alphabet', 29),
       (17, 'AM', 'Alphabet', 30),
       (17, 'AM', 'AM Story Phrases', 16),
       (17, 'AM', 'AM Story Phrases', 17),
       (17, 'AM', 'AM Story Phrases', 18),
       (17, 'AM', 'AM Story Phrases', 19),
       (17, 'AM', 'AM Story Phrases', 20),
       (17, 'AM', 'AM Story Phrases', 21),
       (17, 'AM', 'AM Story Phrases', 22),
       (17, 'AM', 'AM Story Phrases', 23),
       (17, 'AM', 'Animals', 1),
       (17, 'AM', 'Animals', 2),
       (17, 'AM', 'Animals', 4),
       (17, 'AM', 'Animals', 5),
       (17, 'AM', 'Animals', 7),
       (17, 'AM', 'Animals', 9),
       (17, 'AM', 'Animals', 12),
       (17, 'AM', 'Animals', 14),
       (17, 'AM', 'Calendar', 1),
       (17, 'AM', 'Calendar', 2),
       (17, 'AM', 'Calendar', 3),
       (17, 'AM', 'Calendar', 4),
       (17, 'AM', 'Calendar', 5),
       (17, 'AM', 'Calendar', 6),
       (17, 'AM', 'Calendar', 7),
       (17, 'AM', 'Weather', 1),
       (17, 'AM', 'Weather', 4),
       (17, 'AM', 'Weather', 5),
       (17, 'AM', 'Weather', 6),
       (17, 'AM', 'Weather', 7),

       (18, 'AM', 'Alphabet', 1),
       (18, 'AM', 'Alphabet', 2),
       (18, 'AM', 'Alphabet', 3),
       (18, 'AM', 'Alphabet', 4),
       (18, 'AM', 'Alphabet', 5),
       (18, 'AM', 'Alphabet', 6),
       (18, 'AM', 'Alphabet', 27),
       (18, 'AM', 'Alphabet', 28),
       (18, 'AM', 'Alphabet', 29),
       (18, 'AM', 'Alphabet', 30),
       (18, 'AM', 'Alphabet', 31),
       (18, 'AM', 'Alphabet', 32),
       (18, 'AM', 'AM Story Phrases', 16),
       (18, 'AM', 'AM Story Phrases', 17),
       (18, 'AM', 'AM Story Phrases', 18),
       (18, 'AM', 'AM Story Phrases', 19),
       (18, 'AM', 'AM Story Phrases', 20),
       (18, 'AM', 'AM Story Phrases', 21),
       (18, 'AM', 'AM Story Phrases', 22),
       (18, 'AM', 'AM Story Phrases', 23),
       (18, 'AM', 'Animals', 1),
       (18, 'AM', 'Animals', 2),
       (18, 'AM', 'Animals', 4),
       (18, 'AM', 'Animals', 5),
       (18, 'AM', 'Animals', 7),
       (18, 'AM', 'Animals', 9),
       (18, 'AM', 'Animals', 12),
       (18, 'AM', 'Animals', 14),
       (18, 'AM', 'Calendar', 1),
       (18, 'AM', 'Calendar', 2),
       (18, 'AM', 'Calendar', 3),
       (18, 'AM', 'Calendar', 4),
       (18, 'AM', 'Calendar', 5),
       (18, 'AM', 'Calendar', 6),
       (18, 'AM', 'Calendar', 7),
       (18, 'AM', 'Weather', 1),
       (18, 'AM', 'Weather', 4),
       (18, 'AM', 'Weather', 5),
       (18, 'AM', 'Weather', 6),
       (18, 'AM', 'Weather', 7),

       (19, 'AM', 'Alphabet', 1),
       (19, 'AM', 'Alphabet', 2),
       (19, 'AM', 'Alphabet', 3),
       (19, 'AM', 'Alphabet', 4),
       (19, 'AM', 'Alphabet', 5),
       (19, 'AM', 'Alphabet', 6),
       (19, 'AM', 'Alphabet', 7),
       (19, 'AM', 'Alphabet', 8),
       (19, 'AM', 'Alphabet', 27),
       (19, 'AM', 'Alphabet', 28),
       (19, 'AM', 'Alphabet', 29),
       (19, 'AM', 'Alphabet', 30),
       (19, 'AM', 'Alphabet', 31),
       (19, 'AM', 'Alphabet', 32),
       (19, 'AM', 'Alphabet', 33),
       (19, 'AM', 'Alphabet', 34),
       (19, 'AM', 'AM Story Phrases', 16),
       (19, 'AM', 'AM Story Phrases', 17),
       (19, 'AM', 'AM Story Phrases', 18),
       (19, 'AM', 'AM Story Phrases', 19),
       (19, 'AM', 'AM Story Phrases', 20),
       (19, 'AM', 'AM Story Phrases', 21),
       (19, 'AM', 'AM Story Phrases', 22),
       (19, 'AM', 'AM Story Phrases', 23),
       (19, 'AM', 'Calendar', 1),
       (19, 'AM', 'Calendar', 2),
       (19, 'AM', 'Calendar', 3),
       (19, 'AM', 'Calendar', 4),
       (19, 'AM', 'Calendar', 5),
       (19, 'AM', 'Calendar', 6),
       (19, 'AM', 'Calendar', 7),
       (19, 'AM', 'Clothing', 2),
       (19, 'AM', 'Clothing', 3),
       (19, 'AM', 'Clothing', 5),
       (19, 'AM', 'Clothing', 7),
       (19, 'AM', 'Clothing', 9),
       (19, 'AM', 'Clothing', 12),
       (19, 'AM', 'Clothing', 14),
       (19, 'AM', 'Clothing', 16),
       (19, 'AM', 'Weather', 1),
       (19, 'AM', 'Weather', 4),
       (19, 'AM', 'Weather', 5),
       (19, 'AM', 'Weather', 6),
       (19, 'AM', 'Weather', 7),

       (20, 'AM', 'Alphabet', 1),
       (20, 'AM', 'Alphabet', 2),
       (20, 'AM', 'Alphabet', 3),
       (20, 'AM', 'Alphabet', 4),
       (20, 'AM', 'Alphabet', 5),
       (20, 'AM', 'Alphabet', 6),
       (20, 'AM', 'Alphabet', 7),
       (20, 'AM', 'Alphabet', 8),
       (20, 'AM', 'Alphabet', 9),
       (20, 'AM', 'Alphabet', 10),
       (20, 'AM', 'Alphabet', 27),
       (20, 'AM', 'Alphabet', 28),
       (20, 'AM', 'Alphabet', 29),
       (20, 'AM', 'Alphabet', 30),
       (20, 'AM', 'Alphabet', 31),
       (20, 'AM', 'Alphabet', 32),
       (20, 'AM', 'Alphabet', 33),
       (20, 'AM', 'Alphabet', 34),
       (20, 'AM', 'Alphabet', 35),
       (20, 'AM', 'Alphabet', 36),
       (20, 'AM', 'AM Story Phrases', 16),
       (20, 'AM', 'AM Story Phrases', 17),
       (20, 'AM', 'AM Story Phrases', 18),
       (20, 'AM', 'AM Story Phrases', 19),
       (20, 'AM', 'AM Story Phrases', 20),
       (20, 'AM', 'AM Story Phrases', 21),
       (20, 'AM', 'AM Story Phrases', 22),
       (20, 'AM', 'AM Story Phrases', 23),
       (20, 'AM', 'Calendar', 1),
       (20, 'AM', 'Calendar', 2),
       (20, 'AM', 'Calendar', 3),
       (20, 'AM', 'Calendar', 4),
       (20, 'AM', 'Calendar', 5),
       (20, 'AM', 'Calendar', 6),
       (20, 'AM', 'Calendar', 7),
       (20, 'AM', 'Classroom Objects', 11),
       (20, 'AM', 'Classroom Objects', 21),
       (20, 'AM', 'Clothing', 2),
       (20, 'AM', 'Clothing', 3),
       (20, 'AM', 'Clothing', 4),
       (20, 'AM', 'Clothing', 5),
       (20, 'AM', 'Clothing', 7),
       (20, 'AM', 'Clothing', 9),
       (20, 'AM', 'Clothing', 10),
       (20, 'AM', 'Clothing', 11),
       (20, 'AM', 'Clothing', 12),
       (20, 'AM', 'Clothing', 14),
       (20, 'AM', 'Clothing', 15),
       (20, 'AM', 'Clothing', 16),
       (20, 'AM', 'Objects', 5),
       (20, 'AM', 'Toys', 1),
       (20, 'AM', 'Weather', 1),
       (20, 'AM', 'Weather', 4),
       (20, 'AM', 'Weather', 5),
       (20, 'AM', 'Weather', 6),
       (20, 'AM', 'Weather', 7),

       (21, 'AM', 'Alphabet', 1),
       (21, 'AM', 'Alphabet', 2),
       (21, 'AM', 'Alphabet', 3),
       (21, 'AM', 'Alphabet', 4),
       (21, 'AM', 'Alphabet', 5),
       (21, 'AM', 'Alphabet', 6),
       (21, 'AM', 'Alphabet', 7),
       (21, 'AM', 'Alphabet', 8),
       (21, 'AM', 'Alphabet', 9),
       (21, 'AM', 'Alphabet', 10),
       (21, 'AM', 'Alphabet', 11),
       (21, 'AM', 'Alphabet', 12),
       (21, 'AM', 'Alphabet', 27),
       (21, 'AM', 'Alphabet', 28),
       (21, 'AM', 'Alphabet', 29),
       (21, 'AM', 'Alphabet', 30),
       (21, 'AM', 'Alphabet', 31),
       (21, 'AM', 'Alphabet', 32),
       (21, 'AM', 'Alphabet', 33),
       (21, 'AM', 'Alphabet', 34),
       (21, 'AM', 'Alphabet', 35),
       (21, 'AM', 'Alphabet', 36),
       (21, 'AM', 'Alphabet', 37),
       (21, 'AM', 'Alphabet', 38),
       (21, 'AM', 'AM Story Phrases', 16),
       (21, 'AM', 'AM Story Phrases', 17),
       (21, 'AM', 'AM Story Phrases', 18),
       (21, 'AM', 'AM Story Phrases', 19),
       (21, 'AM', 'AM Story Phrases', 20),
       (21, 'AM', 'AM Story Phrases', 21),
       (21, 'AM', 'AM Story Phrases', 22),
       (21, 'AM', 'AM Story Phrases', 23),
       (21, 'AM', 'Animals', 1),
       (21, 'AM', 'Animals', 2),
       (21, 'AM', 'Animals', 4),
       (21, 'AM', 'Animals', 5),
       (21, 'AM', 'Animals', 7),
       (21, 'AM', 'Animals', 9),
       (21, 'AM', 'Animals', 12),
       (21, 'AM', 'Animals', 14),
       (21, 'AM', 'Calendar', 1),
       (21, 'AM', 'Calendar', 2),
       (21, 'AM', 'Calendar', 3),
       (21, 'AM', 'Calendar', 4),
       (21, 'AM', 'Calendar', 5),
       (21, 'AM', 'Calendar', 6),
       (21, 'AM', 'Calendar', 7),
       (21, 'AM', 'Classroom Objects', 11),
       (21, 'AM', 'Classroom Objects', 21),
       (21, 'AM', 'Clothing', 2),
       (21, 'AM', 'Clothing', 3),
       (21, 'AM', 'Clothing', 4),
       (21, 'AM', 'Clothing', 5),
       (21, 'AM', 'Clothing', 7),
       (21, 'AM', 'Clothing', 9),
       (21, 'AM', 'Clothing', 10),
       (21, 'AM', 'Clothing', 11),
       (21, 'AM', 'Clothing', 12),
       (21, 'AM', 'Clothing', 14),
       (21, 'AM', 'Clothing', 15),
       (21, 'AM', 'Clothing', 16),
       (21, 'AM', 'Objects', 5),
       (21, 'AM', 'Toys', 1),
       (21, 'AM', 'Weather', 1),
       (21, 'AM', 'Weather', 4),
       (21, 'AM', 'Weather', 5),
       (21, 'AM', 'Weather', 6),
       (21, 'AM', 'Weather', 7),

       (22, 'AM', 'Alphabet', 1),
       (22, 'AM', 'Alphabet', 2),
       (22, 'AM', 'Alphabet', 3),
       (22, 'AM', 'Alphabet', 4),
       (22, 'AM', 'Alphabet', 5),
       (22, 'AM', 'Alphabet', 6),
       (22, 'AM', 'Alphabet', 7),
       (22, 'AM', 'Alphabet', 8),
       (22, 'AM', 'Alphabet', 9),
       (22, 'AM', 'Alphabet', 10),
       (22, 'AM', 'Alphabet', 11),
       (22, 'AM', 'Alphabet', 12),
       (22, 'AM', 'Alphabet', 13),
       (22, 'AM', 'Alphabet', 14),
       (22, 'AM', 'Alphabet', 27),
       (22, 'AM', 'Alphabet', 28),
       (22, 'AM', 'Alphabet', 29),
       (22, 'AM', 'Alphabet', 30),
       (22, 'AM', 'Alphabet', 31),
       (22, 'AM', 'Alphabet', 32),
       (22, 'AM', 'Alphabet', 33),
       (22, 'AM', 'Alphabet', 34),
       (22, 'AM', 'Alphabet', 35),
       (22, 'AM', 'Alphabet', 36),
       (22, 'AM', 'Alphabet', 37),
       (22, 'AM', 'Alphabet', 38),
       (22, 'AM', 'Alphabet', 39),
       (22, 'AM', 'Alphabet', 40),
       (22, 'AM', 'AM Story Phrases', 16),
       (22, 'AM', 'AM Story Phrases', 17),
       (22, 'AM', 'AM Story Phrases', 18),
       (22, 'AM', 'AM Story Phrases', 19),
       (22, 'AM', 'AM Story Phrases', 20),
       (22, 'AM', 'AM Story Phrases', 21),
       (22, 'AM', 'AM Story Phrases', 22),
       (22, 'AM', 'AM Story Phrases', 23),
       (22, 'AM', 'Animals', 1),
       (22, 'AM', 'Animals', 2),
       (22, 'AM', 'Animals', 4),
       (22, 'AM', 'Animals', 5),
       (22, 'AM', 'Animals', 7),
       (22, 'AM', 'Animals', 9),
       (22, 'AM', 'Animals', 12),
       (22, 'AM', 'Animals', 14),
       (22, 'AM', 'Calendar', 1),
       (22, 'AM', 'Calendar', 2),
       (22, 'AM', 'Calendar', 3),
       (22, 'AM', 'Calendar', 4),
       (22, 'AM', 'Calendar', 5),
       (22, 'AM', 'Calendar', 6),
       (22, 'AM', 'Calendar', 7),
       (22, 'AM', 'Classroom Objects', 11),
       (22, 'AM', 'Classroom Objects', 21),
       (22, 'AM', 'Clothing', 2),
       (22, 'AM', 'Clothing', 3),
       (22, 'AM', 'Clothing', 4),
       (22, 'AM', 'Clothing', 5),
       (22, 'AM', 'Clothing', 7),
       (22, 'AM', 'Clothing', 9),
       (22, 'AM', 'Clothing', 10),
       (22, 'AM', 'Clothing', 11),
       (22, 'AM', 'Clothing', 12),
       (22, 'AM', 'Clothing', 14),
       (22, 'AM', 'Clothing', 15),
       (22, 'AM', 'Clothing', 16),
       (22, 'AM', 'Objects', 5),
       (22, 'AM', 'Toys', 1),
       (22, 'AM', 'Weather', 1),
       (22, 'AM', 'Weather', 4),
       (22, 'AM', 'Weather', 5),
       (22, 'AM', 'Weather', 6),
       (22, 'AM', 'Weather', 7),

       (23, 'AM', 'Alphabet', 1),
       (23, 'AM', 'Alphabet', 2),
       (23, 'AM', 'Alphabet', 3),
       (23, 'AM', 'Alphabet', 4),
       (23, 'AM', 'Alphabet', 5),
       (23, 'AM', 'Alphabet', 6),
       (23, 'AM', 'Alphabet', 7),
       (23, 'AM', 'Alphabet', 8),
       (23, 'AM', 'Alphabet', 9),
       (23, 'AM', 'Alphabet', 10),
       (23, 'AM', 'Alphabet', 11),
       (23, 'AM', 'Alphabet', 12),
       (23, 'AM', 'Alphabet', 13),
       (23, 'AM', 'Alphabet', 14),
       (23, 'AM', 'Alphabet', 15),
       (23, 'AM', 'Alphabet', 16),
       (23, 'AM', 'Alphabet', 27),
       (23, 'AM', 'Alphabet', 28),
       (23, 'AM', 'Alphabet', 29),
       (23, 'AM', 'Alphabet', 30),
       (23, 'AM', 'Alphabet', 31),
       (23, 'AM', 'Alphabet', 32),
       (23, 'AM', 'Alphabet', 33),
       (23, 'AM', 'Alphabet', 34),
       (23, 'AM', 'Alphabet', 35),
       (23, 'AM', 'Alphabet', 36),
       (23, 'AM', 'Alphabet', 37),
       (23, 'AM', 'Alphabet', 38),
       (23, 'AM', 'Alphabet', 39),
       (23, 'AM', 'Alphabet', 40),
       (23, 'AM', 'Alphabet', 41),
       (23, 'AM', 'Alphabet', 42),
       (23, 'AM', 'AM Story Phrases', 16),
       (23, 'AM', 'AM Story Phrases', 17),
       (23, 'AM', 'AM Story Phrases', 18),
       (23, 'AM', 'AM Story Phrases', 19),
       (23, 'AM', 'AM Story Phrases', 20),
       (23, 'AM', 'AM Story Phrases', 21),
       (23, 'AM', 'AM Story Phrases', 22),
       (23, 'AM', 'AM Story Phrases', 24),
       (23, 'AM', 'AM Story Phrases', 25),
       (23, 'AM', 'AM Story Phrases', 26),
       (23, 'AM', 'AM Story Phrases', 27),
       (23, 'AM', 'AM Story Phrases', 28),
       (23, 'AM', 'AM Story Phrases', 29),
       (23, 'AM', 'AM Story Phrases', 30),
       (23, 'AM', 'AM Story Phrases', 31),
       (23, 'AM', 'Calendar', 1),
       (23, 'AM', 'Calendar', 2),
       (23, 'AM', 'Calendar', 3),
       (23, 'AM', 'Calendar', 4),
       (23, 'AM', 'Calendar', 5),
       (23, 'AM', 'Calendar', 6),
       (23, 'AM', 'Calendar', 7),
       (23, 'AM', 'Weather', 1),
       (23, 'AM', 'Weather', 4),
       (23, 'AM', 'Weather', 5),
       (23, 'AM', 'Weather', 6),
       (23, 'AM', 'Weather', 7),

       (24, 'AM', 'Alphabet', 1),
       (24, 'AM', 'Alphabet', 2),
       (24, 'AM', 'Alphabet', 3),
       (24, 'AM', 'Alphabet', 4),
       (24, 'AM', 'Alphabet', 5),
       (24, 'AM', 'Alphabet', 6),
       (24, 'AM', 'Alphabet', 7),
       (24, 'AM', 'Alphabet', 8),
       (24, 'AM', 'Alphabet', 9),
       (24, 'AM', 'Alphabet', 10),
       (24, 'AM', 'Alphabet', 11),
       (24, 'AM', 'Alphabet', 12),
       (24, 'AM', 'Alphabet', 13),
       (24, 'AM', 'Alphabet', 14),
       (24, 'AM', 'Alphabet', 15),
       (24, 'AM', 'Alphabet', 16),
       (24, 'AM', 'Alphabet', 17),
       (24, 'AM', 'Alphabet', 18),
       (24, 'AM', 'Alphabet', 27),
       (24, 'AM', 'Alphabet', 28),
       (24, 'AM', 'Alphabet', 29),
       (24, 'AM', 'Alphabet', 30),
       (24, 'AM', 'Alphabet', 31),
       (24, 'AM', 'Alphabet', 32),
       (24, 'AM', 'Alphabet', 33),
       (24, 'AM', 'Alphabet', 34),
       (24, 'AM', 'Alphabet', 35),
       (24, 'AM', 'Alphabet', 36),
       (24, 'AM', 'Alphabet', 37),
       (24, 'AM', 'Alphabet', 38),
       (24, 'AM', 'Alphabet', 39),
       (24, 'AM', 'Alphabet', 40),
       (24, 'AM', 'Alphabet', 41),
       (24, 'AM', 'Alphabet', 42),
       (24, 'AM', 'Alphabet', 43),
       (24, 'AM', 'Alphabet', 44),
       (24, 'AM', 'AM Story Phrases', 16),
       (24, 'AM', 'AM Story Phrases', 17),
       (24, 'AM', 'AM Story Phrases', 18),
       (24, 'AM', 'AM Story Phrases', 19),
       (24, 'AM', 'AM Story Phrases', 20),
       (24, 'AM', 'AM Story Phrases', 21),
       (24, 'AM', 'AM Story Phrases', 22),
       (24, 'AM', 'AM Story Phrases', 24),
       (24, 'AM', 'AM Story Phrases', 25),
       (24, 'AM', 'AM Story Phrases', 26),
       (24, 'AM', 'AM Story Phrases', 27),
       (24, 'AM', 'AM Story Phrases', 28),
       (24, 'AM', 'AM Story Phrases', 29),
       (24, 'AM', 'AM Story Phrases', 30),
       (24, 'AM', 'AM Story Phrases', 31),
       (24, 'AM', 'Calendar', 1),
       (24, 'AM', 'Calendar', 2),
       (24, 'AM', 'Calendar', 3),
       (24, 'AM', 'Calendar', 4),
       (24, 'AM', 'Calendar', 5),
       (24, 'AM', 'Calendar', 6),
       (24, 'AM', 'Calendar', 7),
       (24, 'AM', 'Shapes', 1),
       (24, 'AM', 'Shapes', 2),
       (24, 'AM', 'Shapes', 3),
       (24, 'AM', 'Shapes', 5),
       (24, 'AM', 'Shapes', 6),
       (24, 'AM', 'Shapes', 7),
       (24, 'AM', 'Shapes', 8),
       (24, 'AM', 'Weather', 1),
       (24, 'AM', 'Weather', 4),
       (24, 'AM', 'Weather', 5),
       (24, 'AM', 'Weather', 6),
       (24, 'AM', 'Weather', 7),

       (25, 'AM', 'Alphabet', 1),
       (25, 'AM', 'Alphabet', 2),
       (25, 'AM', 'Alphabet', 3),
       (25, 'AM', 'Alphabet', 4),
       (25, 'AM', 'Alphabet', 5),
       (25, 'AM', 'Alphabet', 6),
       (25, 'AM', 'Alphabet', 7),
       (25, 'AM', 'Alphabet', 8),
       (25, 'AM', 'Alphabet', 9),
       (25, 'AM', 'Alphabet', 10),
       (25, 'AM', 'Alphabet', 11),
       (25, 'AM', 'Alphabet', 12),
       (25, 'AM', 'Alphabet', 13),
       (25, 'AM', 'Alphabet', 14),
       (25, 'AM', 'Alphabet', 15),
       (25, 'AM', 'Alphabet', 16),
       (25, 'AM', 'Alphabet', 17),
       (25, 'AM', 'Alphabet', 18),
       (25, 'AM', 'Alphabet', 19),
       (25, 'AM', 'Alphabet', 20),
       (25, 'AM', 'Alphabet', 27),
       (25, 'AM', 'Alphabet', 28),
       (25, 'AM', 'Alphabet', 29),
       (25, 'AM', 'Alphabet', 30),
       (25, 'AM', 'Alphabet', 31),
       (25, 'AM', 'Alphabet', 32),
       (25, 'AM', 'Alphabet', 33),
       (25, 'AM', 'Alphabet', 34),
       (25, 'AM', 'Alphabet', 35),
       (25, 'AM', 'Alphabet', 36),
       (25, 'AM', 'Alphabet', 37),
       (25, 'AM', 'Alphabet', 38),
       (25, 'AM', 'Alphabet', 39),
       (25, 'AM', 'Alphabet', 40),
       (25, 'AM', 'Alphabet', 41),
       (25, 'AM', 'Alphabet', 42),
       (25, 'AM', 'Alphabet', 43),
       (25, 'AM', 'Alphabet', 44),
       (25, 'AM', 'Alphabet', 45),
       (25, 'AM', 'Alphabet', 46),
       (25, 'AM', 'AM Story Phrases', 16),
       (25, 'AM', 'AM Story Phrases', 17),
       (25, 'AM', 'AM Story Phrases', 18),
       (25, 'AM', 'AM Story Phrases', 19),
       (25, 'AM', 'AM Story Phrases', 20),
       (25, 'AM', 'AM Story Phrases', 21),
       (25, 'AM', 'AM Story Phrases', 22),
       (25, 'AM', 'AM Story Phrases', 24),
       (25, 'AM', 'AM Story Phrases', 25),
       (25, 'AM', 'AM Story Phrases', 26),
       (25, 'AM', 'AM Story Phrases', 27),
       (25, 'AM', 'AM Story Phrases', 28),
       (25, 'AM', 'AM Story Phrases', 29),
       (25, 'AM', 'AM Story Phrases', 30),
       (25, 'AM', 'AM Story Phrases', 31),
       (25, 'AM', 'Calendar', 1),
       (25, 'AM', 'Calendar', 2),
       (25, 'AM', 'Calendar', 3),
       (25, 'AM', 'Calendar', 4),
       (25, 'AM', 'Calendar', 5),
       (25, 'AM', 'Calendar', 6),
       (25, 'AM', 'Calendar', 7),
       (25, 'AM', 'Opposites', 1),
       (25, 'AM', 'Opposites', 2),
       (25, 'AM', 'Opposites', 9),
       (25, 'AM', 'Opposites', 10),
       (25, 'AM', 'Shapes', 1),
       (25, 'AM', 'Shapes', 2),
       (25, 'AM', 'Shapes', 3),
       (25, 'AM', 'Shapes', 5),
       (25, 'AM', 'Shapes', 6),
       (25, 'AM', 'Shapes', 7),
       (25, 'AM', 'Shapes', 8),
       (25, 'AM', 'Weather', 1),
       (25, 'AM', 'Weather', 4),
       (25, 'AM', 'Weather', 5),
       (25, 'AM', 'Weather', 6),
       (25, 'AM', 'Weather', 7),

       (26, 'AM', 'Alphabet', 1),
       (26, 'AM', 'Alphabet', 2),
       (26, 'AM', 'Alphabet', 3),
       (26, 'AM', 'Alphabet', 4),
       (26, 'AM', 'Alphabet', 5),
       (26, 'AM', 'Alphabet', 6),
       (26, 'AM', 'Alphabet', 7),
       (26, 'AM', 'Alphabet', 8),
       (26, 'AM', 'Alphabet', 9),
       (26, 'AM', 'Alphabet', 10),
       (26, 'AM', 'Alphabet', 11),
       (26, 'AM', 'Alphabet', 12),
       (26, 'AM', 'Alphabet', 13),
       (26, 'AM', 'Alphabet', 14),
       (26, 'AM', 'Alphabet', 15),
       (26, 'AM', 'Alphabet', 16),
       (26, 'AM', 'Alphabet', 17),
       (26, 'AM', 'Alphabet', 18),
       (26, 'AM', 'Alphabet', 19),
       (26, 'AM', 'Alphabet', 20),
       (26, 'AM', 'Alphabet', 21),
       (26, 'AM', 'Alphabet', 22),
       (26, 'AM', 'Alphabet', 27),
       (26, 'AM', 'Alphabet', 28),
       (26, 'AM', 'Alphabet', 29),
       (26, 'AM', 'Alphabet', 30),
       (26, 'AM', 'Alphabet', 31),
       (26, 'AM', 'Alphabet', 32),
       (26, 'AM', 'Alphabet', 33),
       (26, 'AM', 'Alphabet', 34),
       (26, 'AM', 'Alphabet', 35),
       (26, 'AM', 'Alphabet', 36),
       (26, 'AM', 'Alphabet', 37),
       (26, 'AM', 'Alphabet', 38),
       (26, 'AM', 'Alphabet', 39),
       (26, 'AM', 'Alphabet', 40),
       (26, 'AM', 'Alphabet', 41),
       (26, 'AM', 'Alphabet', 42),
       (26, 'AM', 'Alphabet', 43),
       (26, 'AM', 'Alphabet', 44),
       (26, 'AM', 'Alphabet', 45),
       (26, 'AM', 'Alphabet', 46),
       (26, 'AM', 'Alphabet', 47),
       (26, 'AM', 'Alphabet', 48),
       (26, 'AM', 'AM Story Phrases', 16),
       (26, 'AM', 'AM Story Phrases', 17),
       (26, 'AM', 'AM Story Phrases', 18),
       (26, 'AM', 'AM Story Phrases', 19),
       (26, 'AM', 'AM Story Phrases', 20),
       (26, 'AM', 'AM Story Phrases', 21),
       (26, 'AM', 'AM Story Phrases', 22),
       (26, 'AM', 'AM Story Phrases', 24),
       (26, 'AM', 'AM Story Phrases', 25),
       (26, 'AM', 'AM Story Phrases', 26),
       (26, 'AM', 'AM Story Phrases', 27),
       (26, 'AM', 'AM Story Phrases', 28),
       (26, 'AM', 'AM Story Phrases', 29),
       (26, 'AM', 'AM Story Phrases', 30),
       (26, 'AM', 'AM Story Phrases', 31),
       (26, 'AM', 'Calendar', 1),
       (26, 'AM', 'Calendar', 2),
       (26, 'AM', 'Calendar', 3),
       (26, 'AM', 'Calendar', 4),
       (26, 'AM', 'Calendar', 5),
       (26, 'AM', 'Calendar', 6),
       (26, 'AM', 'Calendar', 7),
       (26, 'AM', 'Numbers', 1),
       (26, 'AM', 'Numbers', 2),
       (26, 'AM', 'Numbers', 3),
       (26, 'AM', 'Numbers', 4),
       (26, 'AM', 'Numbers', 5),
       (26, 'AM', 'Numbers', 6),
       (26, 'AM', 'Numbers', 7),
       (26, 'AM', 'Numbers', 8),
       (26, 'AM', 'Numbers', 9),
       (26, 'AM', 'Numbers', 10),
       (26, 'AM', 'Numbers', 11),
       (26, 'AM', 'Numbers', 12),
       (26, 'AM', 'Opposites', 1),
       (26, 'AM', 'Opposites', 2),
       (26, 'AM', 'Opposites', 9),
       (26, 'AM', 'Opposites', 10),
       (26, 'AM', 'Time', 1),
       (26, 'AM', 'Time', 2),
       (26, 'AM', 'Time', 3),
       (26, 'AM', 'Time', 4),
       (26, 'AM', 'Time', 5),
       (26, 'AM', 'Time', 6),
       (26, 'AM', 'Time', 7),
       (26, 'AM', 'Time', 8),
       (26, 'AM', 'Time', 9),
       (26, 'AM', 'Time', 10),
       (26, 'AM', 'Time', 11),
       (26, 'AM', 'Time', 12),
       (26, 'AM', 'Weather', 1),
       (26, 'AM', 'Weather', 4),
       (26, 'AM', 'Weather', 5),
       (26, 'AM', 'Weather', 6),
       (26, 'AM', 'Weather', 7),

       (27, 'AM', 'Alphabet', 1),
       (27, 'AM', 'Alphabet', 2),
       (27, 'AM', 'Alphabet', 3),
       (27, 'AM', 'Alphabet', 4),
       (27, 'AM', 'Alphabet', 5),
       (27, 'AM', 'Alphabet', 6),
       (27, 'AM', 'Alphabet', 7),
       (27, 'AM', 'Alphabet', 8),
       (27, 'AM', 'Alphabet', 9),
       (27, 'AM', 'Alphabet', 10),
       (27, 'AM', 'Alphabet', 11),
       (27, 'AM', 'Alphabet', 12),
       (27, 'AM', 'Alphabet', 13),
       (27, 'AM', 'Alphabet', 14),
       (27, 'AM', 'Alphabet', 15),
       (27, 'AM', 'Alphabet', 16),
       (27, 'AM', 'Alphabet', 17),
       (27, 'AM', 'Alphabet', 18),
       (27, 'AM', 'Alphabet', 19),
       (27, 'AM', 'Alphabet', 20),
       (27, 'AM', 'Alphabet', 21),
       (27, 'AM', 'Alphabet', 22),
       (27, 'AM', 'Alphabet', 23),
       (27, 'AM', 'Alphabet', 24),
       (27, 'AM', 'Alphabet', 27),
       (27, 'AM', 'Alphabet', 28),
       (27, 'AM', 'Alphabet', 29),
       (27, 'AM', 'Alphabet', 30),
       (27, 'AM', 'Alphabet', 31),
       (27, 'AM', 'Alphabet', 32),
       (27, 'AM', 'Alphabet', 33),
       (27, 'AM', 'Alphabet', 34),
       (27, 'AM', 'Alphabet', 35),
       (27, 'AM', 'Alphabet', 36),
       (27, 'AM', 'Alphabet', 37),
       (27, 'AM', 'Alphabet', 38),
       (27, 'AM', 'Alphabet', 39),
       (27, 'AM', 'Alphabet', 40),
       (27, 'AM', 'Alphabet', 41),
       (27, 'AM', 'Alphabet', 42),
       (27, 'AM', 'Alphabet', 43),
       (27, 'AM', 'Alphabet', 44),
       (27, 'AM', 'Alphabet', 45),
       (27, 'AM', 'Alphabet', 46),
       (27, 'AM', 'Alphabet', 47),
       (27, 'AM', 'Alphabet', 48),
       (27, 'AM', 'Alphabet', 49),
       (27, 'AM', 'Alphabet', 50),
       (27, 'AM', 'AM Story Phrases', 16),
       (27, 'AM', 'AM Story Phrases', 17),
       (27, 'AM', 'AM Story Phrases', 18),
       (27, 'AM', 'AM Story Phrases', 19),
       (27, 'AM', 'AM Story Phrases', 20),
       (27, 'AM', 'AM Story Phrases', 21),
       (27, 'AM', 'AM Story Phrases', 22),
       (27, 'AM', 'AM Story Phrases', 24),
       (27, 'AM', 'AM Story Phrases', 25),
       (27, 'AM', 'AM Story Phrases', 26),
       (27, 'AM', 'AM Story Phrases', 27),
       (27, 'AM', 'AM Story Phrases', 28),
       (27, 'AM', 'AM Story Phrases', 29),
       (27, 'AM', 'AM Story Phrases', 30),
       (27, 'AM', 'AM Story Phrases', 31),
       (27, 'AM', 'Calendar', 1),
       (27, 'AM', 'Calendar', 2),
       (27, 'AM', 'Calendar', 3),
       (27, 'AM', 'Calendar', 4),
       (27, 'AM', 'Calendar', 5),
       (27, 'AM', 'Calendar', 6),
       (27, 'AM', 'Calendar', 7),
       (27, 'AM', 'Family', 1),
       (27, 'AM', 'Family', 2),
       (27, 'AM', 'Family', 3),
       (27, 'AM', 'Family', 4),
       (27, 'AM', 'Family', 5),
       (27, 'AM', 'Family', 6),
       (27, 'AM', 'Family', 7),
       (27, 'AM', 'Shapes', 7),
       (27, 'AM', 'Time', 1),
       (27, 'AM', 'Time', 2),
       (27, 'AM', 'Time', 3),
       (27, 'AM', 'Time', 4),
       (27, 'AM', 'Time', 5),
       (27, 'AM', 'Time', 6),
       (27, 'AM', 'Time', 7),
       (27, 'AM', 'Time', 8),
       (27, 'AM', 'Time', 9),
       (27, 'AM', 'Time', 10),
       (27, 'AM', 'Time', 11),
       (27, 'AM', 'Time', 12),
       (27, 'AM', 'Weather', 1),
       (27, 'AM', 'Weather', 4),
       (27, 'AM', 'Weather', 5),
       (27, 'AM', 'Weather', 6),
       (27, 'AM', 'Weather', 7),

       (28, 'AM', 'Alphabet', 1),
       (28, 'AM', 'Alphabet', 2),
       (28, 'AM', 'Alphabet', 3),
       (28, 'AM', 'Alphabet', 4),
       (28, 'AM', 'Alphabet', 5),
       (28, 'AM', 'Alphabet', 6),
       (28, 'AM', 'Alphabet', 7),
       (28, 'AM', 'Alphabet', 8),
       (28, 'AM', 'Alphabet', 9),
       (28, 'AM', 'Alphabet', 10),
       (28, 'AM', 'Alphabet', 11),
       (28, 'AM', 'Alphabet', 12),
       (28, 'AM', 'Alphabet', 13),
       (28, 'AM', 'Alphabet', 14),
       (28, 'AM', 'Alphabet', 15),
       (28, 'AM', 'Alphabet', 16),
       (28, 'AM', 'Alphabet', 17),
       (28, 'AM', 'Alphabet', 18),
       (28, 'AM', 'Alphabet', 19),
       (28, 'AM', 'Alphabet', 20),
       (28, 'AM', 'Alphabet', 21),
       (28, 'AM', 'Alphabet', 22),
       (28, 'AM', 'Alphabet', 23),
       (28, 'AM', 'Alphabet', 24),
       (28, 'AM', 'Alphabet', 25),
       (28, 'AM', 'Alphabet', 26),
       (28, 'AM', 'Alphabet', 27),
       (28, 'AM', 'Alphabet', 28),
       (28, 'AM', 'Alphabet', 29),
       (28, 'AM', 'Alphabet', 30),
       (28, 'AM', 'Alphabet', 31),
       (28, 'AM', 'Alphabet', 32),
       (28, 'AM', 'Alphabet', 33),
       (28, 'AM', 'Alphabet', 34),
       (28, 'AM', 'Alphabet', 35),
       (28, 'AM', 'Alphabet', 36),
       (28, 'AM', 'Alphabet', 37),
       (28, 'AM', 'Alphabet', 38),
       (28, 'AM', 'Alphabet', 39),
       (28, 'AM', 'Alphabet', 40),
       (28, 'AM', 'Alphabet', 41),
       (28, 'AM', 'Alphabet', 42),
       (28, 'AM', 'Alphabet', 43),
       (28, 'AM', 'Alphabet', 44),
       (28, 'AM', 'Alphabet', 45),
       (28, 'AM', 'Alphabet', 46),
       (28, 'AM', 'Alphabet', 47),
       (28, 'AM', 'Alphabet', 48),
       (28, 'AM', 'Alphabet', 49),
       (28, 'AM', 'Alphabet', 50),
       (28, 'AM', 'Alphabet', 51),
       (28, 'AM', 'Alphabet', 52),
       (28, 'AM', 'AM Story Phrases', 16),
       (28, 'AM', 'AM Story Phrases', 17),
       (28, 'AM', 'AM Story Phrases', 18),
       (28, 'AM', 'AM Story Phrases', 19),
       (28, 'AM', 'AM Story Phrases', 20),
       (28, 'AM', 'AM Story Phrases', 21),
       (28, 'AM', 'AM Story Phrases', 22),
       (28, 'AM', 'AM Story Phrases', 24),
       (28, 'AM', 'AM Story Phrases', 25),
       (28, 'AM', 'AM Story Phrases', 26),
       (28, 'AM', 'AM Story Phrases', 27),
       (28, 'AM', 'AM Story Phrases', 28),
       (28, 'AM', 'AM Story Phrases', 29),
       (28, 'AM', 'AM Story Phrases', 30),
       (28, 'AM', 'AM Story Phrases', 31),
       (28, 'AM', 'Calendar', 1),
       (28, 'AM', 'Calendar', 2),
       (28, 'AM', 'Calendar', 3),
       (28, 'AM', 'Calendar', 4),
       (28, 'AM', 'Calendar', 5),
       (28, 'AM', 'Calendar', 6),
       (28, 'AM', 'Calendar', 7),
       (28, 'AM', 'Family', 1),
       (28, 'AM', 'Family', 2),
       (28, 'AM', 'Family', 3),
       (28, 'AM', 'Family', 4),
       (28, 'AM', 'Family', 5),
       (28, 'AM', 'Family', 6),
       (28, 'AM', 'Family', 7),
       (28, 'AM', 'Opposites', 1),
       (28, 'AM', 'Opposites', 2),
       (28, 'AM', 'Opposites', 9),
       (28, 'AM', 'Opposites', 10),
       (28, 'AM', 'Shapes', 1),
       (28, 'AM', 'Shapes', 2),
       (28, 'AM', 'Shapes', 3),
       (28, 'AM', 'Shapes', 5),
       (28, 'AM', 'Shapes', 6),
       (28, 'AM', 'Shapes', 7),
       (28, 'AM', 'Shapes', 8),
       (28, 'AM', 'Time', 1),
       (28, 'AM', 'Time', 2),
       (28, 'AM', 'Time', 3),
       (28, 'AM', 'Time', 4),
       (28, 'AM', 'Time', 5),
       (28, 'AM', 'Time', 6),
       (28, 'AM', 'Time', 7),
       (28, 'AM', 'Time', 8),
       (28, 'AM', 'Time', 9),
       (28, 'AM', 'Time', 10),
       (28, 'AM', 'Time', 11),
       (28, 'AM', 'Time', 12),
       (28, 'AM', 'Weather', 1),
       (28, 'AM', 'Weather', 4),
       (28, 'AM', 'Weather', 5),
       (28, 'AM', 'Weather', 6),
       (28, 'AM', 'Weather', 7),

       (29, 'AM', 'Alphabet', 1),
       (29, 'AM', 'Alphabet', 2),
       (29, 'AM', 'Alphabet', 3),
       (29, 'AM', 'Alphabet', 4),
       (29, 'AM', 'Alphabet', 5),
       (29, 'AM', 'Alphabet', 6),
       (29, 'AM', 'Alphabet', 7),
       (29, 'AM', 'Alphabet', 8),
       (29, 'AM', 'Alphabet', 9),
       (29, 'AM', 'Alphabet', 27),
       (29, 'AM', 'Alphabet', 28),
       (29, 'AM', 'Alphabet', 29),
       (29, 'AM', 'Alphabet', 30),
       (29, 'AM', 'Alphabet', 31),
       (29, 'AM', 'Alphabet', 32),
       (29, 'AM', 'Alphabet', 33),
       (29, 'AM', 'Alphabet', 34),
       (29, 'AM', 'Alphabet', 35),
       (29, 'AM', 'AM Story Phrases', 16),
       (29, 'AM', 'AM Story Phrases', 17),
       (29, 'AM', 'AM Story Phrases', 18),
       (29, 'AM', 'AM Story Phrases', 19),
       (29, 'AM', 'AM Story Phrases', 20),
       (29, 'AM', 'AM Story Phrases', 21),
       (29, 'AM', 'AM Story Phrases', 22),
       (29, 'AM', 'AM Story Phrases', 24),
       (29, 'AM', 'AM Story Phrases', 25),
       (29, 'AM', 'AM Story Phrases', 26),
       (29, 'AM', 'AM Story Phrases', 27),
       (29, 'AM', 'AM Story Phrases', 28),
       (29, 'AM', 'AM Story Phrases', 29),
       (29, 'AM', 'AM Story Phrases', 30),
       (29, 'AM', 'AM Story Phrases', 31),
       (29, 'AM', 'Calendar', 1),
       (29, 'AM', 'Calendar', 2),
       (29, 'AM', 'Calendar', 3),
       (29, 'AM', 'Calendar', 4),
       (29, 'AM', 'Calendar', 5),
       (29, 'AM', 'Calendar', 6),
       (29, 'AM', 'Calendar', 7),
       (29, 'AM', 'Family', 1),
       (29, 'AM', 'Family', 2),
       (29, 'AM', 'Family', 3),
       (29, 'AM', 'Family', 4),
       (29, 'AM', 'Family', 5),
       (29, 'AM', 'Family', 6),
       (29, 'AM', 'Family', 7),
       (29, 'AM', 'Opposites', 1),
       (29, 'AM', 'Opposites', 2),
       (29, 'AM', 'Opposites', 9),
       (29, 'AM', 'Opposites', 10),
       (29, 'AM', 'Shapes', 1),
       (29, 'AM', 'Shapes', 2),
       (29, 'AM', 'Shapes', 3),
       (29, 'AM', 'Shapes', 5),
       (29, 'AM', 'Shapes', 6),
       (29, 'AM', 'Shapes', 7),
       (29, 'AM', 'Shapes', 8),
       (29, 'AM', 'Time', 1),
       (29, 'AM', 'Time', 2),
       (29, 'AM', 'Time', 3),
       (29, 'AM', 'Time', 4),
       (29, 'AM', 'Time', 5),
       (29, 'AM', 'Time', 6),
       (29, 'AM', 'Time', 7),
       (29, 'AM', 'Time', 8),
       (29, 'AM', 'Time', 9),
       (29, 'AM', 'Time', 10),
       (29, 'AM', 'Time', 11),
       (29, 'AM', 'Time', 12),
       (29, 'AM', 'Weather', 1),
       (29, 'AM', 'Weather', 4),
       (29, 'AM', 'Weather', 5),
       (29, 'AM', 'Weather', 6),
       (29, 'AM', 'Weather', 7),

       (30, 'AM', 'Alphabet', 10),
       (30, 'AM', 'Alphabet', 11),
       (30, 'AM', 'Alphabet', 12),
       (30, 'AM', 'Alphabet', 13),
       (30, 'AM', 'Alphabet', 14),
       (30, 'AM', 'Alphabet', 15),
       (30, 'AM', 'Alphabet', 16),
       (30, 'AM', 'Alphabet', 17),
       (30, 'AM', 'Alphabet', 18),
       (30, 'AM', 'Alphabet', 36),
       (30, 'AM', 'Alphabet', 37),
       (30, 'AM', 'Alphabet', 38),
       (30, 'AM', 'Alphabet', 39),
       (30, 'AM', 'Alphabet', 40),
       (30, 'AM', 'Alphabet', 41),
       (30, 'AM', 'Alphabet', 42),
       (30, 'AM', 'Alphabet', 43),
       (30, 'AM', 'Alphabet', 44),
       (30, 'AM', 'AM Story Phrases', 16),
       (30, 'AM', 'AM Story Phrases', 17),
       (30, 'AM', 'AM Story Phrases', 18),
       (30, 'AM', 'AM Story Phrases', 19),
       (30, 'AM', 'AM Story Phrases', 20),
       (30, 'AM', 'AM Story Phrases', 21),
       (30, 'AM', 'AM Story Phrases', 22),
       (30, 'AM', 'AM Story Phrases', 24),
       (30, 'AM', 'AM Story Phrases', 25),
       (30, 'AM', 'AM Story Phrases', 26),
       (30, 'AM', 'AM Story Phrases', 27),
       (30, 'AM', 'AM Story Phrases', 28),
       (30, 'AM', 'AM Story Phrases', 29),
       (30, 'AM', 'AM Story Phrases', 30),
       (30, 'AM', 'AM Story Phrases', 31),
       (30, 'AM', 'Animals', 1),
       (30, 'AM', 'Animals', 2),
       (30, 'AM', 'Animals', 4),
       (30, 'AM', 'Animals', 5),
       (30, 'AM', 'Animals', 7),
       (30, 'AM', 'Animals', 9),
       (30, 'AM', 'Animals', 12),
       (30, 'AM', 'Animals', 14),
       (30, 'AM', 'Calendar', 1),
       (30, 'AM', 'Calendar', 2),
       (30, 'AM', 'Calendar', 3),
       (30, 'AM', 'Calendar', 4),
       (30, 'AM', 'Calendar', 5),
       (30, 'AM', 'Calendar', 6),
       (30, 'AM', 'Calendar', 7),
       (30, 'AM', 'Classroom Objects', 11),
       (30, 'AM', 'Classroom Objects', 21),
       (30, 'AM', 'Clothing', 2),
       (30, 'AM', 'Clothing', 3),
       (30, 'AM', 'Clothing', 4),
       (30, 'AM', 'Clothing', 5),
       (30, 'AM', 'Clothing', 7),
       (30, 'AM', 'Clothing', 9),
       (30, 'AM', 'Clothing', 10),
       (30, 'AM', 'Clothing', 11),
       (30, 'AM', 'Clothing', 12),
       (30, 'AM', 'Clothing', 14),
       (30, 'AM', 'Clothing', 15),
       (30, 'AM', 'Clothing', 16),
       (30, 'AM', 'Family', 1),
       (30, 'AM', 'Family', 2),
       (30, 'AM', 'Family', 3),
       (30, 'AM', 'Family', 4),
       (30, 'AM', 'Family', 5),
       (30, 'AM', 'Family', 6),
       (30, 'AM', 'Family', 7),
       (30, 'AM', 'Objects', 5),
       (30, 'AM', 'Opposites', 1),
       (30, 'AM', 'Opposites', 2),
       (30, 'AM', 'Opposites', 9),
       (30, 'AM', 'Opposites', 10),
       (30, 'AM', 'Shapes', 1),
       (30, 'AM', 'Shapes', 2),
       (30, 'AM', 'Shapes', 3),
       (30, 'AM', 'Shapes', 5),
       (30, 'AM', 'Shapes', 6),
       (30, 'AM', 'Shapes', 7),
       (30, 'AM', 'Shapes', 8),
       (30, 'AM', 'Time', 1),
       (30, 'AM', 'Time', 2),
       (30, 'AM', 'Time', 3),
       (30, 'AM', 'Time', 4),
       (30, 'AM', 'Time', 5),
       (30, 'AM', 'Time', 6),
       (30, 'AM', 'Time', 7),
       (30, 'AM', 'Time', 8),
       (30, 'AM', 'Time', 9),
       (30, 'AM', 'Time', 10),
       (30, 'AM', 'Time', 11),
       (30, 'AM', 'Time', 12),
       (30, 'AM', 'Toys', 1),
       (30, 'AM', 'Weather', 1),
       (30, 'AM', 'Weather', 4),
       (30, 'AM', 'Weather', 5),
       (30, 'AM', 'Weather', 6),
       (30, 'AM', 'Weather', 7),

       (31, 'AM', 'Alphabet', 19),
       (31, 'AM', 'Alphabet', 20),
       (31, 'AM', 'Alphabet', 21),
       (31, 'AM', 'Alphabet', 22),
       (31, 'AM', 'Alphabet', 23),
       (31, 'AM', 'Alphabet', 24),
       (31, 'AM', 'Alphabet', 25),
       (31, 'AM', 'Alphabet', 26),
       (31, 'AM', 'Alphabet', 45),
       (31, 'AM', 'Alphabet', 46),
       (31, 'AM', 'Alphabet', 47),
       (31, 'AM', 'Alphabet', 48),
       (31, 'AM', 'Alphabet', 49),
       (31, 'AM', 'Alphabet', 50),
       (31, 'AM', 'Alphabet', 51),
       (31, 'AM', 'Alphabet', 52),
       (31, 'AM', 'AM Story Phrases', 32),
       (31, 'AM', 'AM Story Phrases', 33),
       (31, 'AM', 'AM Story Phrases', 34),
       (31, 'AM', 'AM Story Phrases', 35),
       (31, 'AM', 'AM Story Phrases', 36),
       (31, 'AM', 'AM Story Phrases', 37),
       (31, 'AM', 'AM Story Phrases', 38),
       (31, 'AM', 'AM Story Phrases', 39),
       (31, 'AM', 'Calendar', 1),
       (31, 'AM', 'Calendar', 2),
       (31, 'AM', 'Calendar', 3),
       (31, 'AM', 'Calendar', 4),
       (31, 'AM', 'Calendar', 5),
       (31, 'AM', 'Calendar', 6),
       (31, 'AM', 'Calendar', 7),
       (31, 'AM', 'Food', 6),
       (31, 'AM', 'Food', 7),
       (31, 'AM', 'Food', 10),
       (31, 'AM', 'Food', 12),
       (31, 'AM', 'Food', 13),
       (31, 'AM', 'Food', 15),
       (31, 'AM', 'Food', 17),
       (31, 'AM', 'Food', 20),
       (31, 'AM', 'Weather', 1),
       (31, 'AM', 'Weather', 4),
       (31, 'AM', 'Weather', 5),
       (31, 'AM', 'Weather', 6),
       (31, 'AM', 'Weather', 7),

       (32, 'AM', 'Alphabet', 1),
       (32, 'AM', 'Alphabet', 2),
       (32, 'AM', 'Alphabet', 3),
       (32, 'AM', 'Alphabet', 4),
       (32, 'AM', 'Alphabet', 5),
       (32, 'AM', 'Alphabet', 6),
       (32, 'AM', 'Alphabet', 7),
       (32, 'AM', 'Alphabet', 8),
       (32, 'AM', 'Alphabet', 9),
       (32, 'AM', 'Alphabet', 27),
       (32, 'AM', 'Alphabet', 28),
       (32, 'AM', 'Alphabet', 29),
       (32, 'AM', 'Alphabet', 30),
       (32, 'AM', 'Alphabet', 31),
       (32, 'AM', 'Alphabet', 32),
       (32, 'AM', 'Alphabet', 33),
       (32, 'AM', 'Alphabet', 34),
       (32, 'AM', 'Alphabet', 35),
       (32, 'AM', 'AM Story Phrases', 32),
       (32, 'AM', 'AM Story Phrases', 33),
       (32, 'AM', 'AM Story Phrases', 34),
       (32, 'AM', 'AM Story Phrases', 35),
       (32, 'AM', 'AM Story Phrases', 36),
       (32, 'AM', 'AM Story Phrases', 37),
       (32, 'AM', 'AM Story Phrases', 38),
       (32, 'AM', 'AM Story Phrases', 39),
       (32, 'AM', 'Calendar', 1),
       (32, 'AM', 'Calendar', 2),
       (32, 'AM', 'Calendar', 3),
       (32, 'AM', 'Calendar', 4),
       (32, 'AM', 'Calendar', 5),
       (32, 'AM', 'Calendar', 6),
       (32, 'AM', 'Calendar', 7),
       (32, 'AM', 'Food', 6),
       (32, 'AM', 'Food', 7),
       (32, 'AM', 'Food', 10),
       (32, 'AM', 'Food', 12),
       (32, 'AM', 'Food', 13),
       (32, 'AM', 'Food', 15),
       (32, 'AM', 'Food', 17),
       (32, 'AM', 'Food', 20),
       (32, 'AM', 'Parts of the Body', 1),
       (32, 'AM', 'Parts of the Body', 2),
       (32, 'AM', 'Parts of the Body', 3),
       (32, 'AM', 'Parts of the Body', 4),
       (32, 'AM', 'Parts of the Body', 5),
       (32, 'AM', 'Parts of the Body', 6),
       (32, 'AM', 'Parts of the Body', 7),
       (32, 'AM', 'Parts of the Body', 8),
       (32, 'AM', 'Weather', 1),
       (32, 'AM', 'Weather', 4),
       (32, 'AM', 'Weather', 5),
       (32, 'AM', 'Weather', 6),
       (32, 'AM', 'Weather', 7),

       (33, 'AM', 'Alphabet', 10),
       (33, 'AM', 'Alphabet', 11),
       (33, 'AM', 'Alphabet', 12),
       (33, 'AM', 'Alphabet', 13),
       (33, 'AM', 'Alphabet', 14),
       (33, 'AM', 'Alphabet', 15),
       (33, 'AM', 'Alphabet', 16),
       (33, 'AM', 'Alphabet', 17),
       (33, 'AM', 'Alphabet', 18),
       (33, 'AM', 'Alphabet', 36),
       (33, 'AM', 'Alphabet', 37),
       (33, 'AM', 'Alphabet', 38),
       (33, 'AM', 'Alphabet', 39),
       (33, 'AM', 'Alphabet', 40),
       (33, 'AM', 'Alphabet', 41),
       (33, 'AM', 'Alphabet', 42),
       (33, 'AM', 'Alphabet', 43),
       (33, 'AM', 'Alphabet', 44),
       (33, 'AM', 'AM Story Phrases', 32),
       (33, 'AM', 'AM Story Phrases', 33),
       (33, 'AM', 'AM Story Phrases', 34),
       (33, 'AM', 'AM Story Phrases', 35),
       (33, 'AM', 'AM Story Phrases', 36),
       (33, 'AM', 'AM Story Phrases', 37),
       (33, 'AM', 'AM Story Phrases', 38),
       (33, 'AM', 'AM Story Phrases', 39),
       (33, 'AM', 'Calendar', 1),
       (33, 'AM', 'Calendar', 2),
       (33, 'AM', 'Calendar', 3),
       (33, 'AM', 'Calendar', 4),
       (33, 'AM', 'Calendar', 5),
       (33, 'AM', 'Calendar', 6),
       (33, 'AM', 'Calendar', 7),
       (33, 'AM', 'Food', 6),
       (33, 'AM', 'Food', 7),
       (33, 'AM', 'Food', 10),
       (33, 'AM', 'Food', 12),
       (33, 'AM', 'Food', 13),
       (33, 'AM', 'Food', 15),
       (33, 'AM', 'Food', 17),
       (33, 'AM', 'Food', 20),
       (33, 'AM', 'Objects', 1),
       (33, 'AM', 'Objects', 6),
       (33, 'AM', 'Objects', 7),
       (33, 'AM', 'Objects', 8),
       (33, 'AM', 'Parts of the Body', 1),
       (33, 'AM', 'Parts of the Body', 2),
       (33, 'AM', 'Parts of the Body', 3),
       (33, 'AM', 'Parts of the Body', 4),
       (33, 'AM', 'Parts of the Body', 5),
       (33, 'AM', 'Parts of the Body', 6),
       (33, 'AM', 'Parts of the Body', 7),
       (33, 'AM', 'Parts of the Body', 8),
       (33, 'AM', 'Weather', 1),
       (33, 'AM', 'Weather', 4),
       (33, 'AM', 'Weather', 5),
       (33, 'AM', 'Weather', 6),
       (33, 'AM', 'Weather', 7),

       (34, 'AM', 'Alphabet', 19),
       (34, 'AM', 'Alphabet', 20),
       (34, 'AM', 'Alphabet', 21),
       (34, 'AM', 'Alphabet', 22),
       (34, 'AM', 'Alphabet', 23),
       (34, 'AM', 'Alphabet', 24),
       (34, 'AM', 'Alphabet', 25),
       (34, 'AM', 'Alphabet', 26),
       (34, 'AM', 'Alphabet', 45),
       (34, 'AM', 'Alphabet', 46),
       (34, 'AM', 'Alphabet', 47),
       (34, 'AM', 'Alphabet', 48),
       (34, 'AM', 'Alphabet', 49),
       (34, 'AM', 'Alphabet', 50),
       (34, 'AM', 'Alphabet', 51),
       (34, 'AM', 'Alphabet', 52),
       (34, 'AM', 'AM Story Phrases', 32),
       (34, 'AM', 'AM Story Phrases', 33),
       (34, 'AM', 'AM Story Phrases', 34),
       (34, 'AM', 'AM Story Phrases', 35),
       (34, 'AM', 'AM Story Phrases', 36),
       (34, 'AM', 'AM Story Phrases', 37),
       (34, 'AM', 'AM Story Phrases', 38),
       (34, 'AM', 'AM Story Phrases', 39),
       (34, 'AM', 'Calendar', 1),
       (34, 'AM', 'Calendar', 2),
       (34, 'AM', 'Calendar', 3),
       (34, 'AM', 'Calendar', 4),
       (34, 'AM', 'Calendar', 5),
       (34, 'AM', 'Calendar', 6),
       (34, 'AM', 'Calendar', 7),
       (34, 'AM', 'Food', 6),
       (34, 'AM', 'Food', 7),
       (34, 'AM', 'Food', 10),
       (34, 'AM', 'Food', 12),
       (34, 'AM', 'Food', 13),
       (34, 'AM', 'Food', 15),
       (34, 'AM', 'Food', 17),
       (34, 'AM', 'Food', 20),
       (34, 'AM', 'Household Objects', 7),
       (34, 'AM', 'Objects', 1),
       (34, 'AM', 'Objects', 2),
       (34, 'AM', 'Objects', 3),
       (34, 'AM', 'Objects', 4),
       (34, 'AM', 'Objects', 6),
       (34, 'AM', 'Objects', 7),
       (34, 'AM', 'Objects', 8),
       (34, 'AM', 'Weather', 1),
       (34, 'AM', 'Weather', 4),
       (34, 'AM', 'Weather', 5),
       (34, 'AM', 'Weather', 6),
       (34, 'AM', 'Weather', 7),

       (35, 'AM', 'Alphabet', 1),
       (35, 'AM', 'Alphabet', 2),
       (35, 'AM', 'Alphabet', 3),
       (35, 'AM', 'Alphabet', 4),
       (35, 'AM', 'Alphabet', 5),
       (35, 'AM', 'Alphabet', 6),
       (35, 'AM', 'Alphabet', 7),
       (35, 'AM', 'Alphabet', 8),
       (35, 'AM', 'Alphabet', 9),
       (35, 'AM', 'Alphabet', 10),
       (35, 'AM', 'Alphabet', 11),
       (35, 'AM', 'Alphabet', 12),
       (35, 'AM', 'Alphabet', 13),
       (35, 'AM', 'Alphabet', 14),
       (35, 'AM', 'Alphabet', 15),
       (35, 'AM', 'Alphabet', 16),
       (35, 'AM', 'Alphabet', 17),
       (35, 'AM', 'Alphabet', 18),
       (35, 'AM', 'Alphabet', 19),
       (35, 'AM', 'Alphabet', 20),
       (35, 'AM', 'Alphabet', 21),
       (35, 'AM', 'Alphabet', 22),
       (35, 'AM', 'Alphabet', 23),
       (35, 'AM', 'Alphabet', 24),
       (35, 'AM', 'Alphabet', 25),
       (35, 'AM', 'Alphabet', 26),
       (35, 'AM', 'Alphabet', 27),
       (35, 'AM', 'Alphabet', 28),
       (35, 'AM', 'Alphabet', 29),
       (35, 'AM', 'Alphabet', 30),
       (35, 'AM', 'Alphabet', 31),
       (35, 'AM', 'Alphabet', 32),
       (35, 'AM', 'Alphabet', 33),
       (35, 'AM', 'Alphabet', 34),
       (35, 'AM', 'Alphabet', 35),
       (35, 'AM', 'Alphabet', 36),
       (35, 'AM', 'Alphabet', 37),
       (35, 'AM', 'Alphabet', 38),
       (35, 'AM', 'Alphabet', 39),
       (35, 'AM', 'Alphabet', 40),
       (35, 'AM', 'Alphabet', 41),
       (35, 'AM', 'Alphabet', 42),
       (35, 'AM', 'Alphabet', 43),
       (35, 'AM', 'Alphabet', 44),
       (35, 'AM', 'Alphabet', 45),
       (35, 'AM', 'Alphabet', 46),
       (35, 'AM', 'Alphabet', 47),
       (35, 'AM', 'Alphabet', 48),
       (35, 'AM', 'Alphabet', 49),
       (35, 'AM', 'Alphabet', 50),
       (35, 'AM', 'Alphabet', 51),
       (35, 'AM', 'Alphabet', 52),
       (35, 'AM', 'AM Story Phrases', 32),
       (35, 'AM', 'AM Story Phrases', 33),
       (35, 'AM', 'AM Story Phrases', 34),
       (35, 'AM', 'AM Story Phrases', 35),
       (35, 'AM', 'AM Story Phrases', 36),
       (35, 'AM', 'AM Story Phrases', 37),
       (35, 'AM', 'AM Story Phrases', 38),
       (35, 'AM', 'AM Story Phrases', 39),
       (35, 'AM', 'Calendar', 1),
       (35, 'AM', 'Calendar', 2),
       (35, 'AM', 'Calendar', 3),
       (35, 'AM', 'Calendar', 4),
       (35, 'AM', 'Calendar', 5),
       (35, 'AM', 'Calendar', 6),
       (35, 'AM', 'Calendar', 7),
       (35, 'AM', 'Food', 6),
       (35, 'AM', 'Food', 7),
       (35, 'AM', 'Food', 10),
       (35, 'AM', 'Food', 12),
       (35, 'AM', 'Food', 13),
       (35, 'AM', 'Food', 15),
       (35, 'AM', 'Food', 17),
       (35, 'AM', 'Food', 20),
       (35, 'AM', 'Household Objects', 7),
       (35, 'AM', 'Objects', 1),
       (35, 'AM', 'Objects', 2),
       (35, 'AM', 'Objects', 3),
       (35, 'AM', 'Objects', 4),
       (35, 'AM', 'Objects', 6),
       (35, 'AM', 'Objects', 7),
       (35, 'AM', 'Objects', 8),
       (35, 'AM', 'Prepositions', 1),
       (35, 'AM', 'Prepositions', 2),
       (35, 'AM', 'Weather', 1),
       (35, 'AM', 'Weather', 4),
       (35, 'AM', 'Weather', 5),
       (35, 'AM', 'Weather', 6),
       (35, 'AM', 'Weather', 7),

       (36, 'AM', 'Alphabet', 1),
       (36, 'AM', 'Alphabet', 2),
       (36, 'AM', 'Alphabet', 3),
       (36, 'AM', 'Alphabet', 4),
       (36, 'AM', 'Alphabet', 5),
       (36, 'AM', 'Alphabet', 6),
       (36, 'AM', 'Alphabet', 7),
       (36, 'AM', 'Alphabet', 8),
       (36, 'AM', 'Alphabet', 9),
       (36, 'AM', 'Alphabet', 10),
       (36, 'AM', 'Alphabet', 11),
       (36, 'AM', 'Alphabet', 12),
       (36, 'AM', 'Alphabet', 13),
       (36, 'AM', 'Alphabet', 14),
       (36, 'AM', 'Alphabet', 15),
       (36, 'AM', 'Alphabet', 16),
       (36, 'AM', 'Alphabet', 17),
       (36, 'AM', 'Alphabet', 18),
       (36, 'AM', 'Alphabet', 19),
       (36, 'AM', 'Alphabet', 20),
       (36, 'AM', 'Alphabet', 21),
       (36, 'AM', 'Alphabet', 22),
       (36, 'AM', 'Alphabet', 23),
       (36, 'AM', 'Alphabet', 24),
       (36, 'AM', 'Alphabet', 25),
       (36, 'AM', 'Alphabet', 26),
       (36, 'AM', 'Alphabet', 27),
       (36, 'AM', 'Alphabet', 28),
       (36, 'AM', 'Alphabet', 29),
       (36, 'AM', 'Alphabet', 30),
       (36, 'AM', 'Alphabet', 31),
       (36, 'AM', 'Alphabet', 32),
       (36, 'AM', 'Alphabet', 33),
       (36, 'AM', 'Alphabet', 34),
       (36, 'AM', 'Alphabet', 35),
       (36, 'AM', 'Alphabet', 36),
       (36, 'AM', 'Alphabet', 37),
       (36, 'AM', 'Alphabet', 38),
       (36, 'AM', 'Alphabet', 39),
       (36, 'AM', 'Alphabet', 40),
       (36, 'AM', 'Alphabet', 41),
       (36, 'AM', 'Alphabet', 42),
       (36, 'AM', 'Alphabet', 43),
       (36, 'AM', 'Alphabet', 44),
       (36, 'AM', 'Alphabet', 45),
       (36, 'AM', 'Alphabet', 46),
       (36, 'AM', 'Alphabet', 47),
       (36, 'AM', 'Alphabet', 48),
       (36, 'AM', 'Alphabet', 49),
       (36, 'AM', 'Alphabet', 50),
       (36, 'AM', 'Alphabet', 51),
       (36, 'AM', 'Alphabet', 52),
       (36, 'AM', 'AM Story Phrases', 32),
       (36, 'AM', 'AM Story Phrases', 33),
       (36, 'AM', 'AM Story Phrases', 34),
       (36, 'AM', 'AM Story Phrases', 35),
       (36, 'AM', 'AM Story Phrases', 36),
       (36, 'AM', 'AM Story Phrases', 37),
       (36, 'AM', 'AM Story Phrases', 38),
       (36, 'AM', 'AM Story Phrases', 39),
       (36, 'AM', 'Calendar', 1),
       (36, 'AM', 'Calendar', 2),
       (36, 'AM', 'Calendar', 3),
       (36, 'AM', 'Calendar', 4),
       (36, 'AM', 'Calendar', 5),
       (36, 'AM', 'Calendar', 6),
       (36, 'AM', 'Calendar', 7),
       (36, 'AM', 'Food', 6),
       (36, 'AM', 'Food', 7),
       (36, 'AM', 'Food', 10),
       (36, 'AM', 'Food', 12),
       (36, 'AM', 'Food', 13),
       (36, 'AM', 'Food', 15),
       (36, 'AM', 'Food', 17),
       (36, 'AM', 'Food', 20),
       (36, 'AM', 'Household Objects', 7),
       (36, 'AM', 'Objects', 1),
       (36, 'AM', 'Objects', 2),
       (36, 'AM', 'Objects', 3),
       (36, 'AM', 'Objects', 4),
       (36, 'AM', 'Objects', 6),
       (36, 'AM', 'Objects', 7),
       (36, 'AM', 'Objects', 8),
       (36, 'AM', 'Parts of the Body', 1),
       (36, 'AM', 'Parts of the Body', 2),
       (36, 'AM', 'Parts of the Body', 3),
       (36, 'AM', 'Parts of the Body', 4),
       (36, 'AM', 'Parts of the Body', 5),
       (36, 'AM', 'Parts of the Body', 6),
       (36, 'AM', 'Parts of the Body', 7),
       (36, 'AM', 'Parts of the Body', 8),
       (36, 'AM', 'Prepositions', 1),
       (36, 'AM', 'Prepositions', 2),
       (36, 'AM', 'Weather', 1),
       (36, 'AM', 'Weather', 4),
       (36, 'AM', 'Weather', 5),
       (36, 'AM', 'Weather', 6),
       (36, 'AM', 'Weather', 7),

       (37, 'AM', 'Alphabet', 1),
       (37, 'AM', 'Alphabet', 2),
       (37, 'AM', 'Alphabet', 3),
       (37, 'AM', 'Alphabet', 4),
       (37, 'AM', 'Alphabet', 5),
       (37, 'AM', 'Alphabet', 6),
       (37, 'AM', 'Alphabet', 7),
       (37, 'AM', 'Alphabet', 8),
       (37, 'AM', 'Alphabet', 9),
       (37, 'AM', 'Alphabet', 10),
       (37, 'AM', 'Alphabet', 11),
       (37, 'AM', 'Alphabet', 12),
       (37, 'AM', 'Alphabet', 13),
       (37, 'AM', 'Alphabet', 14),
       (37, 'AM', 'Alphabet', 15),
       (37, 'AM', 'Alphabet', 16),
       (37, 'AM', 'Alphabet', 17),
       (37, 'AM', 'Alphabet', 18),
       (37, 'AM', 'Alphabet', 19),
       (37, 'AM', 'Alphabet', 20),
       (37, 'AM', 'Alphabet', 21),
       (37, 'AM', 'Alphabet', 22),
       (37, 'AM', 'Alphabet', 23),
       (37, 'AM', 'Alphabet', 24),
       (37, 'AM', 'Alphabet', 25),
       (37, 'AM', 'Alphabet', 26),
       (37, 'AM', 'Alphabet', 27),
       (37, 'AM', 'Alphabet', 28),
       (37, 'AM', 'Alphabet', 29),
       (37, 'AM', 'Alphabet', 30),
       (37, 'AM', 'Alphabet', 31),
       (37, 'AM', 'Alphabet', 32),
       (37, 'AM', 'Alphabet', 33),
       (37, 'AM', 'Alphabet', 34),
       (37, 'AM', 'Alphabet', 35),
       (37, 'AM', 'Alphabet', 36),
       (37, 'AM', 'Alphabet', 37),
       (37, 'AM', 'Alphabet', 38),
       (37, 'AM', 'Alphabet', 39),
       (37, 'AM', 'Alphabet', 40),
       (37, 'AM', 'Alphabet', 41),
       (37, 'AM', 'Alphabet', 42),
       (37, 'AM', 'Alphabet', 43),
       (37, 'AM', 'Alphabet', 44),
       (37, 'AM', 'Alphabet', 45),
       (37, 'AM', 'Alphabet', 46),
       (37, 'AM', 'Alphabet', 47),
       (37, 'AM', 'Alphabet', 48),
       (37, 'AM', 'Alphabet', 49),
       (37, 'AM', 'Alphabet', 50),
       (37, 'AM', 'Alphabet', 51),
       (37, 'AM', 'Alphabet', 52),
       (37, 'AM', 'AM Story Phrases', 32),
       (37, 'AM', 'AM Story Phrases', 33),
       (37, 'AM', 'AM Story Phrases', 34),
       (37, 'AM', 'AM Story Phrases', 35),
       (37, 'AM', 'AM Story Phrases', 36),
       (37, 'AM', 'AM Story Phrases', 37),
       (37, 'AM', 'AM Story Phrases', 38),
       (37, 'AM', 'AM Story Phrases', 39),
       (37, 'AM', 'Calendar', 1),
       (37, 'AM', 'Calendar', 2),
       (37, 'AM', 'Calendar', 3),
       (37, 'AM', 'Calendar', 4),
       (37, 'AM', 'Calendar', 5),
       (37, 'AM', 'Calendar', 6),
       (37, 'AM', 'Calendar', 7),
       (37, 'AM', 'Food', 6),
       (37, 'AM', 'Food', 7),
       (37, 'AM', 'Food', 10),
       (37, 'AM', 'Food', 12),
       (37, 'AM', 'Food', 13),
       (37, 'AM', 'Food', 15),
       (37, 'AM', 'Food', 17),
       (37, 'AM', 'Food', 20),
       (37, 'AM', 'Household Objects', 7),
       (37, 'AM', 'Objects', 1),
       (37, 'AM', 'Objects', 2),
       (37, 'AM', 'Objects', 3),
       (37, 'AM', 'Objects', 4),
       (37, 'AM', 'Objects', 6),
       (37, 'AM', 'Objects', 7),
       (37, 'AM', 'Objects', 8),
       (37, 'AM', 'Parts of the Body', 1),
       (37, 'AM', 'Parts of the Body', 2),
       (37, 'AM', 'Parts of the Body', 3),
       (37, 'AM', 'Parts of the Body', 4),
       (37, 'AM', 'Parts of the Body', 5),
       (37, 'AM', 'Parts of the Body', 6),
       (37, 'AM', 'Parts of the Body', 7),
       (37, 'AM', 'Parts of the Body', 8),
       (37, 'AM', 'Prepositions', 1),
       (37, 'AM', 'Prepositions', 2),
       (37, 'AM', 'Weather', 1),
       (37, 'AM', 'Weather', 4),
       (37, 'AM', 'Weather', 5),
       (37, 'AM', 'Weather', 6),
       (37, 'AM', 'Weather', 7);

INSERT INTO schedule (lesson_week, lesson_course, date)
VALUES (1, 'AM', '2025-04-13'),
       (1, 'AM', '2025-04-14'),
       (1, 'AM', '2025-04-15'),
       (1, 'AM', '2025-04-16'),
       (1, 'AM', '2025-04-17'),
       (1, 'AM', '2025-04-18'),
       (1, 'AM', '2025-04-19'),
       (2, 'AM', '2025-04-20'),
       (2, 'AM', '2025-04-21'),
       (2, 'AM', '2025-04-22'),
       (2, 'AM', '2025-04-23'),
       (2, 'AM', '2025-04-24'),
       (2, 'AM', '2025-04-25'),
       (2, 'AM', '2025-04-26'),
       (3, 'AM', '2025-04-27'),
       (3, 'AM', '2025-04-28'),
       (3, 'AM', '2025-05-07'),
       (3, 'AM', '2025-05-08'),
       (3, 'AM', '2025-05-09'),
       (3, 'AM', '2025-05-10'),
       (4, 'AM', '2025-05-11'),
       (4, 'AM', '2025-05-12'),
       (3, 'AM', '2025-05-13'),
       (4, 'AM', '2025-05-14'),
       (4, 'AM', '2025-05-15'),
       (4, 'AM', '2025-05-16'),
       (4, 'AM', '2025-05-17'),
       (5, 'AM', '2025-05-18'),
       (5, 'AM', '2025-05-19'),
       (4, 'AM', '2025-05-20'),
       (5, 'AM', '2025-05-21'),
       (5, 'AM', '2025-05-22'),
       (5, 'AM', '2025-05-23'),
       (5, 'AM', '2025-05-24'),
       (6, 'AM', '2025-05-25'),
       (6, 'AM', '2025-05-26'),
       (5, 'AM', '2025-05-27'),
       (6, 'AM', '2025-05-28'),
       (6, 'AM', '2025-05-29'),
       (6, 'AM', '2025-05-30'),
       (6, 'AM', '2025-05-31'),
       (7, 'AM', '2025-06-01'),
       (7, 'AM', '2025-06-02'),
       (6, 'AM', '2025-06-03'),
       (7, 'AM', '2025-06-04'),
       (7, 'AM', '2025-06-05'),
       (7, 'AM', '2025-06-06'),
       (7, 'AM', '2025-06-07'),
       (8, 'AM', '2025-06-08'),
       (8, 'AM', '2025-06-09'),
       (7, 'AM', '2025-06-10'),
       (8, 'AM', '2025-06-11'),
       (8, 'AM', '2025-06-12'),
       (8, 'AM', '2025-06-13'),
       (8, 'AM', '2025-06-14'),
       (9, 'AM', '2025-06-15'),
       (9, 'AM', '2025-06-16'),
       (8, 'AM', '2025-06-17'),
       (9, 'AM', '2025-06-18'),
       (9, 'AM', '2025-06-19'),
       (9, 'AM', '2025-06-20'),
       (9, 'AM', '2025-06-21'),
       (10, 'AM', '2025-06-22'),
       (10, 'AM', '2025-06-23'),
       (9, 'AM', '2025-06-24'),
       (10, 'AM', '2025-06-25'),
       (10, 'AM', '2025-06-26'),
       (10, 'AM', '2025-06-27'),
       (10, 'AM', '2025-06-28'),
       (11, 'AM', '2025-06-29'),
       (11, 'AM', '2025-06-30'),
       (10, 'AM', '2025-07-01'),
       (11, 'AM', '2025-07-02'),
       (11, 'AM', '2025-07-03'),
       (11, 'AM', '2025-07-04'),
       (11, 'AM', '2025-07-05'),
       (12, 'AM', '2025-07-06'),
       (12, 'AM', '2025-07-07'),
       (11, 'AM', '2025-07-08'),
       (12, 'AM', '2025-07-09'),
       (12, 'AM', '2025-07-10'),
       (12, 'AM', '2025-07-11'),
       (12, 'AM', '2025-07-12'),
       (13, 'AM', '2025-07-13'),
       (13, 'AM', '2025-07-14'),
       (12, 'AM', '2025-07-15'),
       (13, 'AM', '2025-07-16'),
       (13, 'AM', '2025-07-17'),
       (13, 'AM', '2025-07-18'),
       (13, 'AM', '2025-07-19'),
       (14, 'AM', '2025-07-20'),
       (14, 'AM', '2025-07-28'),
       (15, 'AM', '2025-08-18'),
       (13, 'AM', '2025-08-19'),
       (14, 'AM', '2025-08-20'),
       (14, 'AM', '2025-08-21'),
       (14, 'AM', '2025-08-22'),
       (14, 'AM', '2025-08-23'),
       (15, 'AM', '2025-08-24'),
       (16, 'AM', '2025-08-25'),
       (14, 'AM', '2025-08-26'),
       (15, 'AM', '2025-08-27'),
       (15, 'AM', '2025-08-28'),
       (15, 'AM', '2025-08-29'),
       (15, 'AM', '2025-08-30'),
       (16, 'AM', '2025-08-31'),
       (17, 'AM', '2025-09-01'),
       (15, 'AM', '2025-09-02'),
       (16, 'AM', '2025-09-03'),
       (16, 'AM', '2025-09-04'),
       (16, 'AM', '2025-09-05'),
       (16, 'AM', '2025-09-06'),
       (17, 'AM', '2025-09-07'),
       (18, 'AM', '2025-09-08'),
       (16, 'AM', '2025-09-09'),
       (17, 'AM', '2025-09-10'),
       (17, 'AM', '2025-09-11'),
       (17, 'AM', '2025-09-12'),
       (17, 'AM', '2025-09-13'),
       (18, 'AM', '2025-09-14'),
       (17, 'AM', '2025-09-16'),
       (18, 'AM', '2025-09-17'),
       (18, 'AM', '2025-09-18'),
       (18, 'AM', '2025-09-19'),
       (18, 'AM', '2025-09-20'),
       (19, 'AM', '2025-09-21'),
       (19, 'AM', '2025-09-22'),
       (19, 'AM', '2025-09-24'),
       (19, 'AM', '2025-09-25'),
       (19, 'AM', '2025-09-26'),
       (19, 'AM', '2025-09-27'),
       (20, 'AM', '2025-09-28'),
       (20, 'AM', '2025-09-29'),
       (18, 'AM', '2025-09-30'),
       (20, 'AM', '2025-10-01'),
       (20, 'AM', '2025-10-02'),
       (20, 'AM', '2025-10-03'),
       (20, 'AM', '2025-10-04'),
       (21, 'AM', '2025-10-05'),
       (21, 'AM', '2025-10-06'),
       (19, 'AM', '2025-10-07'),
       (21, 'AM', '2025-10-08'),
       (21, 'AM', '2025-10-09'),
       (21, 'AM', '2025-10-10'),
       (21, 'AM', '2025-10-11'),
       (22, 'AM', '2025-10-19'),
       (22, 'AM', '2025-10-20'),
       (20, 'AM', '2025-10-21'),
       (22, 'AM', '2025-10-22'),
       (22, 'AM', '2025-10-23'),
       (22, 'AM', '2025-10-24'),
       (22, 'AM', '2025-11-01'),
       (23, 'AM', '2025-11-02'),
       (23, 'AM', '2025-11-07'),
       (23, 'AM', '2025-11-08'),
       (24, 'AM', '2025-11-09'),
       (23, 'AM', '2025-11-10'),
       (21, 'AM', '2025-11-11'),
       (23, 'AM', '2025-11-12'),
       (23, 'AM', '2025-11-13'),
       (24, 'AM', '2025-11-14'),
       (24, 'AM', '2025-11-15'),
       (25, 'AM', '2025-11-16'),
       (24, 'AM', '2025-11-17'),
       (22, 'AM', '2025-11-18'),
       (24, 'AM', '2025-11-19'),
       (24, 'AM', '2025-11-20'),
       (25, 'AM', '2025-11-21'),
       (25, 'AM', '2025-11-22'),
       (23, 'AM', '2025-11-25'),
       (25, 'AM', '2025-11-26'),
       (25, 'AM', '2025-11-27'),
       (26, 'AM', '2025-11-28'),
       (26, 'AM', '2025-11-29'),
       (26, 'AM', '2025-11-30'),
       (25, 'AM', '2025-12-01'),
       (24, 'AM', '2025-12-02'),
       (26, 'AM', '2025-12-03'),
       (26, 'AM', '2025-12-04'),
       (27, 'AM', '2025-12-05'),
       (27, 'AM', '2025-12-06'),
       (26, 'AM', '2025-12-08'),
       (25, 'AM', '2025-12-09'),
       (27, 'AM', '2025-12-10'),
       (27, 'AM', '2025-12-11'),
       (28, 'AM', '2025-12-12'),
       (28, 'AM', '2025-12-13'),
       (27, 'AM', '2025-12-14'),
       (27, 'AM', '2025-12-15'),
       (26, 'AM', '2025-12-16'),
       (27, 'AM', '2026-01-06'),
       (28, 'AM', '2026-01-07'),
       (28, 'AM', '2026-01-08'),
       (29, 'AM', '2026-01-09'),
       (29, 'AM', '2026-01-10'),
       (28, 'AM', '2026-01-11'),
       (28, 'AM', '2026-01-13'),
       (29, 'AM', '2026-01-14'),
       (29, 'AM', '2026-01-15'),
       (30, 'AM', '2026-01-16'),
       (30, 'AM', '2026-01-17'),
       (28, 'AM', '2026-01-19'),
       (29, 'AM', '2026-01-25'),
       (29, 'AM', '2026-01-26'),
       (29, 'AM', '2026-01-27'),
       (30, 'AM', '2026-01-28'),
       (30, 'AM', '2026-01-29'),
       (31, 'AM', '2026-01-30'),
       (31, 'AM', '2026-01-31'),
       (30, 'AM', '2026-02-01'),
       (30, 'AM', '2026-02-02'),
       (30, 'AM', '2026-02-03'),
       (31, 'AM', '2026-02-04'),
       (31, 'AM', '2026-02-05'),
       (32, 'AM', '2026-02-06'),
       (32, 'AM', '2026-02-07'),
       (31, 'AM', '2026-02-08'),
       (31, 'AM', '2026-02-09'),
       (31, 'AM', '2026-02-10'),
       (32, 'AM', '2026-02-15'),
       (32, 'AM', '2026-02-16'),
       (32, 'AM', '2026-02-17'),
       (32, 'AM', '2026-02-18'),
       (32, 'AM', '2026-02-19'),
       (33, 'AM', '2026-02-20'),
       (33, 'AM', '2026-02-21'),
       (33, 'AM', '2026-02-22'),
       (33, 'AM', '2026-02-24'),
       (33, 'AM', '2026-02-25'),
       (33, 'AM', '2026-02-26'),
       (34, 'AM', '2026-02-27'),
       (34, 'AM', '2026-02-28'),
       (34, 'AM', '2026-03-01'),
       (33, 'AM', '2026-03-02'),
       (34, 'AM', '2026-03-03'),
       (34, 'AM', '2026-03-04'),
       (34, 'AM', '2026-03-05'),
       (35, 'AM', '2026-03-06'),
       (35, 'AM', '2026-03-07'),
       (35, 'AM', '2026-03-08'),
       (34, 'AM', '2026-03-09'),
       (35, 'AM', '2026-03-10'),
       (35, 'AM', '2026-03-11'),
       (35, 'AM', '2026-03-12'),
       (36, 'AM', '2026-03-13'),
       (36, 'AM', '2026-03-14'),
       (36, 'AM', '2026-03-15'),
       (35, 'AM', '2026-03-16'),
       (36, 'AM', '2026-03-17'),
       (36, 'AM', '2026-03-18'),
       (36, 'AM', '2026-03-19'),
       (37, 'AM', '2026-03-21'),
       (37, 'AM', '2026-03-22'),
       (36, 'AM', '2026-03-23'),
       (37, 'AM', '2026-03-24'),
       (37, 'AM', '2026-03-25'),
       (37, 'AM', '2026-03-26'),
       (37, 'AM', '2026-03-27'),
       (37, 'AM', '2026-03-30');
