INSERT INTO courses (name)
VALUES ('AN');

INSERT INTO categories (name)
VALUES ('Alphabet'),
       ('Animals'),
       ('AN Story Phrases'),
       ('Calendar'),
       ('Classroom Objects'),
       ('Clothing'),
       ('Colors'),
       ('Family'),
       ('Food'),
       ('Household Objects'),
       ('Numbers'),
       ('Opposites'),
       ('Prepositions'),
       ('Sea Life'),
       ('Shapes'),
       ('Supermarket Objects'),
       ('Time'),
       ('Toys'),
       ('Verbs'),
       ('Weather'),
       ('Weather')
ON CONFLICT DO NOTHING;

INSERT INTO cards (category, index)
VALUES ('Alphabet', 1),
       ('Alphabet', 2),
       ('Alphabet', 3),
       ('Alphabet', 4),
       ('Alphabet', 5),
       ('Alphabet', 6),
       ('Alphabet', 7),
       ('Alphabet', 8),
       ('Alphabet', 9),
       ('Alphabet', 10),
       ('Alphabet', 11),
       ('Alphabet', 12),
       ('Alphabet', 13),
       ('Alphabet', 14),
       ('Alphabet', 15),
       ('Alphabet', 16),
       ('Alphabet', 17),
       ('Alphabet', 18),
       ('Alphabet', 19),
       ('Alphabet', 20),
       ('Alphabet', 21),
       ('Alphabet', 22),
       ('Alphabet', 23),
       ('Alphabet', 24),
       ('Alphabet', 25),
       ('Alphabet', 26),
       ('Alphabet', 27),
       ('Alphabet', 28),
       ('Alphabet', 29),
       ('Alphabet', 30),
       ('Alphabet', 31),
       ('Alphabet', 32),
       ('Alphabet', 33),
       ('Alphabet', 34),
       ('Alphabet', 35),
       ('Alphabet', 36),
       ('Alphabet', 37),
       ('Alphabet', 38),
       ('Alphabet', 39),
       ('Alphabet', 40),
       ('Alphabet', 41),
       ('Alphabet', 42),
       ('Alphabet', 43),
       ('Alphabet', 44),
       ('Alphabet', 45),
       ('Alphabet', 46),
       ('Alphabet', 47),
       ('Alphabet', 48),
       ('Alphabet', 49),
       ('Alphabet', 50),
       ('Alphabet', 51),
       ('Alphabet', 52),
       ('Animals', 3),
       ('Animals', 6),
       ('Animals', 7),
       ('Animals', 8),
       ('Animals', 10),
       ('Animals', 11),
       ('Animals', 12),
       ('Animals', 13),
       ('AN Story Phrases', 1),
       ('AN Story Phrases', 2),
       ('AN Story Phrases', 3),
       ('AN Story Phrases', 4),
       ('AN Story Phrases', 5),
       ('AN Story Phrases', 6),
       ('AN Story Phrases', 7),
       ('AN Story Phrases', 8),
       ('AN Story Phrases', 9),
       ('AN Story Phrases', 10),
       ('AN Story Phrases', 11),
       ('AN Story Phrases', 12),
       ('AN Story Phrases', 13),
       ('AN Story Phrases', 14),
       ('AN Story Phrases', 15),
       ('AN Story Phrases', 16),
       ('AN Story Phrases', 17),
       ('AN Story Phrases', 18),
       ('AN Story Phrases', 19),
       ('AN Story Phrases', 20),
       ('AN Story Phrases', 21),
       ('AN Story Phrases', 22),
       ('AN Story Phrases', 23),
       ('AN Story Phrases', 24),
       ('AN Story Phrases', 25),
       ('AN Story Phrases', 26),
       ('AN Story Phrases', 27),
       ('AN Story Phrases', 28),
       ('AN Story Phrases', 29),
       ('AN Story Phrases', 30),
       ('AN Story Phrases', 31),
       ('AN Story Phrases', 32),
       ('AN Story Phrases', 33),
       ('AN Story Phrases', 34),
       ('AN Story Phrases', 35),
       ('AN Story Phrases', 36),
       ('AN Story Phrases', 37),
       ('AN Story Phrases', 38),
       ('AN Story Phrases', 39),
       ('AN Story Phrases', 40),
       ('Calendar', 1),
       ('Calendar', 2),
       ('Calendar', 3),
       ('Calendar', 4),
       ('Calendar', 5),
       ('Calendar', 6),
       ('Calendar', 7),
       ('Calendar', 8),
       ('Calendar', 9),
       ('Calendar', 10),
       ('Calendar', 11),
       ('Calendar', 12),
       ('Calendar', 13),
       ('Calendar', 14),
       ('Calendar', 15),
       ('Calendar', 16),
       ('Calendar', 17),
       ('Calendar', 18),
       ('Calendar', 19),
       ('Classroom Objects', 1),
       ('Classroom Objects', 2),
       ('Classroom Objects', 3),
       ('Classroom Objects', 4),
       ('Classroom Objects', 6),
       ('Classroom Objects', 7),
       ('Classroom Objects', 8),
       ('Classroom Objects', 10),
       ('Classroom Objects', 12),
       ('Classroom Objects', 13),
       ('Classroom Objects', 15),
       ('Classroom Objects', 16),
       ('Classroom Objects', 18),
       ('Classroom Objects', 19),
       ('Classroom Objects', 20),
       ('Classroom Objects', 23),
       ('Clothing', 1),
       ('Clothing', 6),
       ('Clothing', 7),
       ('Clothing', 8),
       ('Clothing', 9),
       ('Clothing', 13),
       ('Clothing', 14),
       ('Clothing', 17),
       ('Colors', 1),
       ('Colors', 2),
       ('Colors', 3),
       ('Colors', 4),
       ('Colors', 5),
       ('Colors', 6),
       ('Colors', 7),
       ('Colors', 8),
       ('Colors', 9),
       ('Colors', 10),
       ('Family', 8),
       ('Family', 9),
       ('Family', 10),
       ('Family', 11),
       ('Family', 12),
       ('Family', 13),
       ('Family', 14),
       ('Family', 15),
       ('Food', 1),
       ('Food', 2),
       ('Food', 3),
       ('Food', 4),
       ('Food', 9),
       ('Food', 13),
       ('Food', 14),
       ('Food', 15),
       ('Food', 18),
       ('Food', 21),
       ('Food', 22),
       ('Food', 23),
       ('Food', 26),
       ('Food', 27),
       ('Food', 28),
       ('Food', 29),
       ('Household Objects', 1),
       ('Household Objects', 2),
       ('Household Objects', 3),
       ('Household Objects', 4),
       ('Household Objects', 5),
       ('Household Objects', 6),
       ('Household Objects', 8),
       ('Household Objects', 9),
       ('Household Objects', 10),
       ('Numbers', 1),
       ('Numbers', 2),
       ('Numbers', 3),
       ('Numbers', 4),
       ('Numbers', 5),
       ('Numbers', 6),
       ('Numbers', 7),
       ('Numbers', 8),
       ('Numbers', 9),
       ('Numbers', 10),
       ('Numbers', 11),
       ('Numbers', 12),
       ('Numbers', 13),
       ('Numbers', 14),
       ('Numbers', 15),
       ('Numbers', 16),
       ('Numbers', 17),
       ('Numbers', 18),
       ('Numbers', 19),
       ('Numbers', 20),
       ('Opposites', 1),
       ('Opposites', 2),
       ('Opposites', 3),
       ('Opposites', 4),
       ('Opposites', 5),
       ('Opposites', 6),
       ('Opposites', 7),
       ('Opposites', 8),
       ('Prepositions', 1),
       ('Prepositions', 2),
       ('Prepositions', 3),
       ('Prepositions', 4),
       ('Sea Life', 1),
       ('Sea Life', 2),
       ('Sea Life', 3),
       ('Sea Life', 4),
       ('Sea Life', 5),
       ('Sea Life', 6),
       ('Sea Life', 7),
       ('Sea Life', 8),
       ('Shapes', 1),
       ('Shapes', 2),
       ('Shapes', 3),
       ('Shapes', 4),
       ('Shapes', 5),
       ('Shapes', 6),
       ('Shapes', 7),
       ('Shapes', 8),
       ('Supermarket Objects', 1),
       ('Supermarket Objects', 2),
       ('Supermarket Objects', 3),
       ('Supermarket Objects', 4),
       ('Supermarket Objects', 5),
       ('Supermarket Objects', 6),
       ('Supermarket Objects', 7),
       ('Time', 1),
       ('Time', 2),
       ('Time', 3),
       ('Time', 4),
       ('Time', 5),
       ('Time', 6),
       ('Time', 7),
       ('Time', 8),
       ('Time', 9),
       ('Time', 10),
       ('Time', 11),
       ('Time', 12),
       ('Toys', 1),
       ('Toys', 2),
       ('Toys', 3),
       ('Toys', 4),
       ('Toys', 5),
       ('Toys', 6),
       ('Toys', 7),
       ('Verbs', 1),
       ('Verbs', 2),
       ('Verbs', 3),
       ('Verbs', 4),
       ('Verbs', 5),
       ('Verbs', 6),
       ('Verbs', 7),
       ('Verbs', 8),
       ('Weather', 1),
       ('Weather', 2),
       ('Weather', 3),
       ('Weather', 4),
       ('Weather', 5),
       ('Weather', 6),
       ('Weather', 7),
       ('Weather', 7)
ON CONFLICT DO NOTHING;

INSERT INTO themes (name, course)
VALUES ('At ECC', 'AN'),
       ('At the Beach', 'AN'),
       ('Review Units 1 and 2', 'AN'),
       ('Every Day', 'AN'),
       ('At the Zoo', 'AN'),
       ('Review Units 3 and 4', 'AN'),
       ('At the Supermarket', 'AN');

INSERT INTO lessons (week, course, theme)
VALUES (1,  'AN', 'At ECC'),
       (2,  'AN', 'At ECC'),
       (3,  'AN', 'At ECC'),
       (4,  'AN', 'At ECC'),
       (5,  'AN', 'At ECC'),
       (6,  'AN', 'At ECC'),
       (7,  'AN', 'At ECC'),
       (8,  'AN', 'At the Beach'),
       (9,  'AN', 'At the Beach'),
       (10, 'AN', 'At the Beach'),
       (11, 'AN', 'At the Beach'),
       (12, 'AN', 'At the Beach'),
       (13, 'AN', 'At the Beach'),
       (14, 'AN', 'At the Beach'),
       (15, 'AN', 'Review Units 1 and 2'),
       (16, 'AN', 'Every Day'),
       (17, 'AN', 'Every Day'),
       (18, 'AN', 'Every Day'),
       (19, 'AN', 'Every Day'),
       (20, 'AN', 'Every Day'),
       (21, 'AN', 'Every Day'),
       (22, 'AN', 'Every Day'),
       (23, 'AN', 'At the Zoo'),
       (24, 'AN', 'At the Zoo'),
       (25, 'AN', 'At the Zoo'),
       (26, 'AN', 'At the Zoo'),
       (27, 'AN', 'At the Zoo'),
       (28, 'AN', 'At the Zoo'),
       (29, 'AN', 'At the Zoo'),
       (30, 'AN', 'Review Units 3 and 4'),
       (31, 'AN', 'At the Supermarket'),
       (32, 'AN', 'At the Supermarket'),
       (33, 'AN', 'At the Supermarket'),
       (34, 'AN', 'At the Supermarket'),
       (35, 'AN', 'At the Supermarket'),
       (36, 'AN', 'At the Supermarket'),
       (37, 'AN', 'At the Supermarket');

INSERT INTO materials (lesson_week, lesson_course, card_category, card_index)
VALUES (1, 'AN', 'Alphabet', 27),
       (1, 'AN', 'Alphabet', 28),
       (1, 'AN', 'AN Story Phrases', 1),
       (1, 'AN', 'AN Story Phrases', 2),
       (1, 'AN', 'AN Story Phrases', 3),
       (1, 'AN', 'AN Story Phrases', 4),
       (1, 'AN', 'AN Story Phrases', 5),
       (1, 'AN', 'AN Story Phrases', 6),
       (1, 'AN', 'AN Story Phrases', 7),
       (1, 'AN', 'AN Story Phrases', 8),
       (1, 'AN', 'Calendar', 1),
       (1, 'AN', 'Calendar', 2),
       (1, 'AN', 'Calendar', 3),
       (1, 'AN', 'Calendar', 4),
       (1, 'AN', 'Calendar', 5),
       (1, 'AN', 'Calendar', 6),
       (1, 'AN', 'Calendar', 7),

       (2, 'AN', 'Alphabet', 27),
       (2, 'AN', 'Alphabet', 28),
       (2, 'AN', 'Alphabet', 29),
       (2, 'AN', 'Alphabet', 30),
       (2, 'AN', 'AN Story Phrases', 1),
       (2, 'AN', 'AN Story Phrases', 2),
       (2, 'AN', 'AN Story Phrases', 3),
       (2, 'AN', 'AN Story Phrases', 4),
       (2, 'AN', 'AN Story Phrases', 5),
       (2, 'AN', 'AN Story Phrases', 6),
       (2, 'AN', 'AN Story Phrases', 7),
       (2, 'AN', 'AN Story Phrases', 8),
       (2, 'AN', 'Calendar', 1),
       (2, 'AN', 'Calendar', 2),
       (2, 'AN', 'Calendar', 3),
       (2, 'AN', 'Calendar', 4),
       (2, 'AN', 'Calendar', 5),
       (2, 'AN', 'Calendar', 6),
       (2, 'AN', 'Calendar', 7),
       (2, 'AN', 'Calendar', 8),
       (2, 'AN', 'Calendar', 9),
       (2, 'AN', 'Calendar', 10),
       (2, 'AN', 'Calendar', 11),
       (2, 'AN', 'Calendar', 12),
       (2, 'AN', 'Calendar', 13),
       (2, 'AN', 'Calendar', 14),
       (2, 'AN', 'Calendar', 15),
       (2, 'AN', 'Calendar', 16),
       (2, 'AN', 'Calendar', 17),
       (2, 'AN', 'Calendar', 18),
       (2, 'AN', 'Calendar', 19),
       (2, 'AN', 'Colors', 1),
       (2, 'AN', 'Colors', 2),
       (2, 'AN', 'Colors', 3),
       (2, 'AN', 'Colors', 4),
       (2, 'AN', 'Colors', 5),
       (2, 'AN', 'Colors', 6),
       (2, 'AN', 'Colors', 7),
       (2, 'AN', 'Colors', 8),
       (2, 'AN', 'Colors', 9),
       (2, 'AN', 'Colors', 10),

       (3, 'AN', 'Alphabet', 27),
       (3, 'AN', 'Alphabet', 28),
       (3, 'AN', 'Alphabet', 29),
       (3, 'AN', 'Alphabet', 30),
       (3, 'AN', 'Alphabet', 31),
       (3, 'AN', 'Alphabet', 32),
       (3, 'AN', 'AN Story Phrases', 1),
       (3, 'AN', 'AN Story Phrases', 2),
       (3, 'AN', 'AN Story Phrases', 3),
       (3, 'AN', 'AN Story Phrases', 4),
       (3, 'AN', 'AN Story Phrases', 5),
       (3, 'AN', 'AN Story Phrases', 6),
       (3, 'AN', 'AN Story Phrases', 7),
       (3, 'AN', 'AN Story Phrases', 8),
       (3, 'AN', 'Calendar', 1),
       (3, 'AN', 'Calendar', 2),
       (3, 'AN', 'Calendar', 3),
       (3, 'AN', 'Calendar', 4),
       (3, 'AN', 'Calendar', 5),
       (3, 'AN', 'Calendar', 6),
       (3, 'AN', 'Calendar', 7),
       (3, 'AN', 'Calendar', 8),
       (3, 'AN', 'Calendar', 9),
       (3, 'AN', 'Calendar', 10),
       (3, 'AN', 'Calendar', 11),
       (3, 'AN', 'Calendar', 12),
       (3, 'AN', 'Calendar', 13),
       (3, 'AN', 'Calendar', 14),
       (3, 'AN', 'Calendar', 15),
       (3, 'AN', 'Calendar', 16),
       (3, 'AN', 'Calendar', 17),
       (3, 'AN', 'Calendar', 18),
       (3, 'AN', 'Calendar', 19),
       (3, 'AN', 'Colors', 1),
       (3, 'AN', 'Colors', 2),
       (3, 'AN', 'Colors', 3),
       (3, 'AN', 'Colors', 4),
       (3, 'AN', 'Colors', 5),
       (3, 'AN', 'Colors', 6),
       (3, 'AN', 'Colors', 7),
       (3, 'AN', 'Colors', 8),
       (3, 'AN', 'Colors', 9),
       (3, 'AN', 'Colors', 10),
       (3, 'AN', 'Classroom Objects', 1),
       (3, 'AN', 'Classroom Objects', 2),
       (3, 'AN', 'Classroom Objects', 3),
       (3, 'AN', 'Classroom Objects', 4),
       (3, 'AN', 'Classroom Objects', 6),
       (3, 'AN', 'Classroom Objects', 7),
       (3, 'AN', 'Classroom Objects', 10),
       (3, 'AN', 'Classroom Objects', 12),
       (3, 'AN', 'Weather', 1),
       (3, 'AN', 'Weather', 4),
       (3, 'AN', 'Weather', 5),
       (3, 'AN', 'Weather', 6),
       (3, 'AN', 'Weather', 7),

       (4, 'AN', 'Alphabet', 27),
       (4, 'AN', 'Alphabet', 28),
       (4, 'AN', 'Alphabet', 29),
       (4, 'AN', 'Alphabet', 30),
       (4, 'AN', 'Alphabet', 31),
       (4, 'AN', 'Alphabet', 32),
       (4, 'AN', 'Alphabet', 33),
       (4, 'AN', 'Alphabet', 34),
       (4, 'AN', 'AN Story Phrases', 1),
       (4, 'AN', 'AN Story Phrases', 2),
       (4, 'AN', 'AN Story Phrases', 3),
       (4, 'AN', 'AN Story Phrases', 4),
       (4, 'AN', 'AN Story Phrases', 5),
       (4, 'AN', 'AN Story Phrases', 6),
       (4, 'AN', 'AN Story Phrases', 7),
       (4, 'AN', 'AN Story Phrases', 8),
       (4, 'AN', 'Calendar', 1),
       (4, 'AN', 'Calendar', 2),
       (4, 'AN', 'Calendar', 3),
       (4, 'AN', 'Calendar', 4),
       (4, 'AN', 'Calendar', 5),
       (4, 'AN', 'Calendar', 6),
       (4, 'AN', 'Calendar', 7),
       (4, 'AN', 'Calendar', 8),
       (4, 'AN', 'Calendar', 9),
       (4, 'AN', 'Calendar', 10),
       (4, 'AN', 'Calendar', 11),
       (4, 'AN', 'Calendar', 12),
       (4, 'AN', 'Calendar', 13),
       (4, 'AN', 'Calendar', 14),
       (4, 'AN', 'Calendar', 15),
       (4, 'AN', 'Calendar', 16),
       (4, 'AN', 'Calendar', 17),
       (4, 'AN', 'Calendar', 18),
       (4, 'AN', 'Calendar', 19),
       (4, 'AN', 'Classroom Objects', 1),
       (4, 'AN', 'Classroom Objects', 2),
       (4, 'AN', 'Classroom Objects', 3),
       (4, 'AN', 'Classroom Objects', 4),
       (4, 'AN', 'Classroom Objects', 6),
       (4, 'AN', 'Classroom Objects', 7),
       (4, 'AN', 'Classroom Objects', 10),
       (4, 'AN', 'Classroom Objects', 12),
       (4, 'AN', 'Numbers', 1),
       (4, 'AN', 'Numbers', 2),
       (4, 'AN', 'Numbers', 3),
       (4, 'AN', 'Numbers', 4),
       (4, 'AN', 'Numbers', 5),
       (4, 'AN', 'Numbers', 6),
       (4, 'AN', 'Numbers', 7),
       (4, 'AN', 'Numbers', 8),
       (4, 'AN', 'Numbers', 9),
       (4, 'AN', 'Numbers', 10),
       (4, 'AN', 'Weather', 1),
       (4, 'AN', 'Weather', 4),
       (4, 'AN', 'Weather', 5),
       (4, 'AN', 'Weather', 6),
       (4, 'AN', 'Weather', 7),

       (5, 'AN', 'Alphabet', 27),
       (5, 'AN', 'Alphabet', 28),
       (5, 'AN', 'Alphabet', 29),
       (5, 'AN', 'Alphabet', 30),
       (5, 'AN', 'Alphabet', 31),
       (5, 'AN', 'Alphabet', 32),
       (5, 'AN', 'Alphabet', 33),
       (5, 'AN', 'Alphabet', 34),
       (5, 'AN', 'Alphabet', 35),
       (5, 'AN', 'Alphabet', 36),
       (5, 'AN', 'AN Story Phrases', 1),
       (5, 'AN', 'AN Story Phrases', 2),
       (5, 'AN', 'AN Story Phrases', 3),
       (5, 'AN', 'AN Story Phrases', 4),
       (5, 'AN', 'AN Story Phrases', 5),
       (5, 'AN', 'AN Story Phrases', 6),
       (5, 'AN', 'AN Story Phrases', 7),
       (5, 'AN', 'AN Story Phrases', 8),
       (5, 'AN', 'Calendar', 1),
       (5, 'AN', 'Calendar', 2),
       (5, 'AN', 'Calendar', 3),
       (5, 'AN', 'Calendar', 4),
       (5, 'AN', 'Calendar', 5),
       (5, 'AN', 'Calendar', 6),
       (5, 'AN', 'Calendar', 7),
       (5, 'AN', 'Calendar', 8),
       (5, 'AN', 'Calendar', 9),
       (5, 'AN', 'Calendar', 10),
       (5, 'AN', 'Calendar', 11),
       (5, 'AN', 'Calendar', 12),
       (5, 'AN', 'Calendar', 13),
       (5, 'AN', 'Calendar', 14),
       (5, 'AN', 'Calendar', 15),
       (5, 'AN', 'Calendar', 16),
       (5, 'AN', 'Calendar', 17),
       (5, 'AN', 'Calendar', 18),
       (5, 'AN', 'Calendar', 19),
       (5, 'AN', 'Classroom Objects', 8),
       (5, 'AN', 'Classroom Objects', 13),
       (5, 'AN', 'Classroom Objects', 15),
       (5, 'AN', 'Classroom Objects', 16),
       (5, 'AN', 'Classroom Objects', 18),
       (5, 'AN', 'Classroom Objects', 19),
       (5, 'AN', 'Classroom Objects', 20),
       (5, 'AN', 'Classroom Objects', 23),
       (5, 'AN', 'Numbers', 1),
       (5, 'AN', 'Numbers', 2),
       (5, 'AN', 'Numbers', 3),
       (5, 'AN', 'Numbers', 4),
       (5, 'AN', 'Numbers', 5),
       (5, 'AN', 'Numbers', 6),
       (5, 'AN', 'Numbers', 7),
       (5, 'AN', 'Numbers', 8),
       (5, 'AN', 'Numbers', 9),
       (5, 'AN', 'Numbers', 10),
       (5, 'AN', 'Weather', 1),
       (5, 'AN', 'Weather', 4),
       (5, 'AN', 'Weather', 5),
       (5, 'AN', 'Weather', 6),
       (5, 'AN', 'Weather', 7),

       (6, 'AN', 'Alphabet', 27),
       (6, 'AN', 'Alphabet', 28),
       (6, 'AN', 'Alphabet', 29),
       (6, 'AN', 'Alphabet', 30),
       (6, 'AN', 'Alphabet', 31),
       (6, 'AN', 'Alphabet', 32),
       (6, 'AN', 'Alphabet', 33),
       (6, 'AN', 'Alphabet', 34),
       (6, 'AN', 'Alphabet', 35),
       (6, 'AN', 'Alphabet', 36),
       (6, 'AN', 'Alphabet', 37),
       (6, 'AN', 'Alphabet', 38),
       (6, 'AN', 'AN Story Phrases', 1),
       (6, 'AN', 'AN Story Phrases', 2),
       (6, 'AN', 'AN Story Phrases', 3),
       (6, 'AN', 'AN Story Phrases', 4),
       (6, 'AN', 'AN Story Phrases', 5),
       (6, 'AN', 'AN Story Phrases', 6),
       (6, 'AN', 'AN Story Phrases', 7),
       (6, 'AN', 'AN Story Phrases', 8),
       (6, 'AN', 'Calendar', 1),
       (6, 'AN', 'Calendar', 2),
       (6, 'AN', 'Calendar', 3),
       (6, 'AN', 'Calendar', 4),
       (6, 'AN', 'Calendar', 5),
       (6, 'AN', 'Calendar', 6),
       (6, 'AN', 'Calendar', 7),
       (6, 'AN', 'Calendar', 8),
       (6, 'AN', 'Calendar', 9),
       (6, 'AN', 'Calendar', 10),
       (6, 'AN', 'Calendar', 11),
       (6, 'AN', 'Calendar', 12),
       (6, 'AN', 'Calendar', 13),
       (6, 'AN', 'Calendar', 14),
       (6, 'AN', 'Calendar', 15),
       (6, 'AN', 'Calendar', 16),
       (6, 'AN', 'Calendar', 17),
       (6, 'AN', 'Calendar', 18),
       (6, 'AN', 'Calendar', 19),
       (6, 'AN', 'Classroom Objects', 1),
       (6, 'AN', 'Classroom Objects', 2),
       (6, 'AN', 'Classroom Objects', 3),
       (6, 'AN', 'Classroom Objects', 4),
       (6, 'AN', 'Classroom Objects', 6),
       (6, 'AN', 'Classroom Objects', 7),
       (6, 'AN', 'Classroom Objects', 8),
       (6, 'AN', 'Classroom Objects', 10),
       (6, 'AN', 'Classroom Objects', 12),
       (6, 'AN', 'Classroom Objects', 13),
       (6, 'AN', 'Classroom Objects', 15),
       (6, 'AN', 'Classroom Objects', 16),
       (6, 'AN', 'Classroom Objects', 18),
       (6, 'AN', 'Classroom Objects', 19),
       (6, 'AN', 'Classroom Objects', 20),
       (6, 'AN', 'Classroom Objects', 23),
       (6, 'AN', 'Colors', 1),
       (6, 'AN', 'Colors', 2),
       (6, 'AN', 'Colors', 3),
       (6, 'AN', 'Colors', 4),
       (6, 'AN', 'Colors', 5),
       (6, 'AN', 'Colors', 6),
       (6, 'AN', 'Colors', 7),
       (6, 'AN', 'Colors', 8),
       (6, 'AN', 'Colors', 9),
       (6, 'AN', 'Colors', 10),
       (6, 'AN', 'Numbers', 1),
       (6, 'AN', 'Numbers', 2),
       (6, 'AN', 'Numbers', 3),
       (6, 'AN', 'Numbers', 4),
       (6, 'AN', 'Numbers', 5),
       (6, 'AN', 'Numbers', 6),
       (6, 'AN', 'Numbers', 7),
       (6, 'AN', 'Numbers', 8),
       (6, 'AN', 'Numbers', 9),
       (6, 'AN', 'Numbers', 10),
       (6, 'AN', 'Weather', 1),
       (6, 'AN', 'Weather', 4),
       (6, 'AN', 'Weather', 5),
       (6, 'AN', 'Weather', 6),
       (6, 'AN', 'Weather', 7),

       (7, 'AN', 'Alphabet', 27),
       (7, 'AN', 'Alphabet', 28),
       (7, 'AN', 'Alphabet', 29),
       (7, 'AN', 'Alphabet', 30),
       (7, 'AN', 'Alphabet', 31),
       (7, 'AN', 'Alphabet', 32),
       (7, 'AN', 'Alphabet', 33),
       (7, 'AN', 'Alphabet', 34),
       (7, 'AN', 'Alphabet', 35),
       (7, 'AN', 'Alphabet', 36),
       (7, 'AN', 'Alphabet', 37),
       (7, 'AN', 'Alphabet', 38),
       (7, 'AN', 'Alphabet', 39),
       (7, 'AN', 'Alphabet', 40),
       (7, 'AN', 'AN Story Phrases', 1),
       (7, 'AN', 'AN Story Phrases', 2),
       (7, 'AN', 'AN Story Phrases', 3),
       (7, 'AN', 'AN Story Phrases', 4),
       (7, 'AN', 'AN Story Phrases', 5),
       (7, 'AN', 'AN Story Phrases', 6),
       (7, 'AN', 'AN Story Phrases', 7),
       (7, 'AN', 'AN Story Phrases', 8),
       (7, 'AN', 'Calendar', 1),
       (7, 'AN', 'Calendar', 2),
       (7, 'AN', 'Calendar', 3),
       (7, 'AN', 'Calendar', 4),
       (7, 'AN', 'Calendar', 5),
       (7, 'AN', 'Calendar', 6),
       (7, 'AN', 'Calendar', 7),
       (7, 'AN', 'Calendar', 8),
       (7, 'AN', 'Calendar', 9),
       (7, 'AN', 'Calendar', 10),
       (7, 'AN', 'Calendar', 11),
       (7, 'AN', 'Calendar', 12),
       (7, 'AN', 'Calendar', 13),
       (7, 'AN', 'Calendar', 14),
       (7, 'AN', 'Calendar', 15),
       (7, 'AN', 'Calendar', 16),
       (7, 'AN', 'Calendar', 17),
       (7, 'AN', 'Calendar', 18),
       (7, 'AN', 'Calendar', 19),
       (7, 'AN', 'Classroom Objects', 1),
       (7, 'AN', 'Classroom Objects', 2),
       (7, 'AN', 'Classroom Objects', 3),
       (7, 'AN', 'Classroom Objects', 4),
       (7, 'AN', 'Classroom Objects', 6),
       (7, 'AN', 'Classroom Objects', 7),
       (7, 'AN', 'Classroom Objects', 8),
       (7, 'AN', 'Classroom Objects', 10),
       (7, 'AN', 'Classroom Objects', 12),
       (7, 'AN', 'Classroom Objects', 13),
       (7, 'AN', 'Classroom Objects', 15),
       (7, 'AN', 'Classroom Objects', 16),
       (7, 'AN', 'Classroom Objects', 18),
       (7, 'AN', 'Classroom Objects', 19),
       (7, 'AN', 'Classroom Objects', 20),
       (7, 'AN', 'Classroom Objects', 23),
       (7, 'AN', 'Colors', 1),
       (7, 'AN', 'Colors', 2),
       (7, 'AN', 'Colors', 3),
       (7, 'AN', 'Colors', 4),
       (7, 'AN', 'Colors', 5),
       (7, 'AN', 'Colors', 6),
       (7, 'AN', 'Colors', 7),
       (7, 'AN', 'Colors', 8),
       (7, 'AN', 'Colors', 9),
       (7, 'AN', 'Colors', 10),
       (7, 'AN', 'Numbers', 1),
       (7, 'AN', 'Numbers', 2),
       (7, 'AN', 'Numbers', 3),
       (7, 'AN', 'Numbers', 4),
       (7, 'AN', 'Numbers', 5),
       (7, 'AN', 'Numbers', 6),
       (7, 'AN', 'Numbers', 7),
       (7, 'AN', 'Numbers', 8),
       (7, 'AN', 'Numbers', 9),
       (7, 'AN', 'Numbers', 10),
       (7, 'AN', 'Weather', 1),
       (7, 'AN', 'Weather', 4),
       (7, 'AN', 'Weather', 5),
       (7, 'AN', 'Weather', 6),
       (7, 'AN', 'Weather', 7),

       (8, 'AN', 'Alphabet', 27),
       (8, 'AN', 'Alphabet', 28),
       (8, 'AN', 'Alphabet', 29),
       (8, 'AN', 'Alphabet', 30),
       (8, 'AN', 'Alphabet', 31),
       (8, 'AN', 'Alphabet', 32),
       (8, 'AN', 'Alphabet', 33),
       (8, 'AN', 'Alphabet', 34),
       (8, 'AN', 'Alphabet', 35),
       (8, 'AN', 'Alphabet', 36),
       (8, 'AN', 'Alphabet', 37),
       (8, 'AN', 'Alphabet', 38),
       (8, 'AN', 'Alphabet', 39),
       (8, 'AN', 'Alphabet', 40),
       (8, 'AN', 'Alphabet', 41),
       (8, 'AN', 'Alphabet', 42),
       (8, 'AN', 'AN Story Phrases', 9),
       (8, 'AN', 'AN Story Phrases', 10),
       (8, 'AN', 'AN Story Phrases', 11),
       (8, 'AN', 'AN Story Phrases', 12),
       (8, 'AN', 'AN Story Phrases', 13),
       (8, 'AN', 'AN Story Phrases', 14),
       (8, 'AN', 'AN Story Phrases', 15),
       (8, 'AN', 'AN Story Phrases', 16),
       (8, 'AN', 'Calendar', 1),
       (8, 'AN', 'Calendar', 2),
       (8, 'AN', 'Calendar', 3),
       (8, 'AN', 'Calendar', 4),
       (8, 'AN', 'Calendar', 5),
       (8, 'AN', 'Calendar', 6),
       (8, 'AN', 'Calendar', 7),
       (8, 'AN', 'Calendar', 8),
       (8, 'AN', 'Calendar', 9),
       (8, 'AN', 'Calendar', 10),
       (8, 'AN', 'Calendar', 11),
       (8, 'AN', 'Calendar', 12),
       (8, 'AN', 'Calendar', 13),
       (8, 'AN', 'Calendar', 14),
       (8, 'AN', 'Calendar', 15),
       (8, 'AN', 'Calendar', 16),
       (8, 'AN', 'Calendar', 17),
       (8, 'AN', 'Calendar', 18),
       (8, 'AN', 'Calendar', 19),
       (8, 'AN', 'Weather', 1),
       (8, 'AN', 'Weather', 4),
       (8, 'AN', 'Weather', 5),
       (8, 'AN', 'Weather', 6),
       (8, 'AN', 'Weather', 7),

       (9, 'AN', 'Alphabet', 27),
       (9, 'AN', 'Alphabet', 28),
       (9, 'AN', 'Alphabet', 29),
       (9, 'AN', 'Alphabet', 30),
       (9, 'AN', 'Alphabet', 31),
       (9, 'AN', 'Alphabet', 32),
       (9, 'AN', 'Alphabet', 33),
       (9, 'AN', 'Alphabet', 34),
       (9, 'AN', 'Alphabet', 35),
       (9, 'AN', 'Alphabet', 36),
       (9, 'AN', 'Alphabet', 37),
       (9, 'AN', 'Alphabet', 38),
       (9, 'AN', 'Alphabet', 39),
       (9, 'AN', 'Alphabet', 40),
       (9, 'AN', 'Alphabet', 41),
       (9, 'AN', 'Alphabet', 42),
       (9, 'AN', 'Alphabet', 43),
       (9, 'AN', 'Alphabet', 44),
       (9, 'AN', 'AN Story Phrases', 9),
       (9, 'AN', 'AN Story Phrases', 10),
       (9, 'AN', 'AN Story Phrases', 11),
       (9, 'AN', 'AN Story Phrases', 12),
       (9, 'AN', 'AN Story Phrases', 13),
       (9, 'AN', 'AN Story Phrases', 14),
       (9, 'AN', 'AN Story Phrases', 15),
       (9, 'AN', 'AN Story Phrases', 16),
       (9, 'AN', 'Calendar', 1),
       (9, 'AN', 'Calendar', 2),
       (9, 'AN', 'Calendar', 3),
       (9, 'AN', 'Calendar', 4),
       (9, 'AN', 'Calendar', 5),
       (9, 'AN', 'Calendar', 6),
       (9, 'AN', 'Calendar', 7),
       (9, 'AN', 'Calendar', 8),
       (9, 'AN', 'Calendar', 9),
       (9, 'AN', 'Calendar', 10),
       (9, 'AN', 'Calendar', 11),
       (9, 'AN', 'Calendar', 12),
       (9, 'AN', 'Calendar', 13),
       (9, 'AN', 'Calendar', 14),
       (9, 'AN', 'Calendar', 15),
       (9, 'AN', 'Calendar', 16),
       (9, 'AN', 'Calendar', 17),
       (9, 'AN', 'Calendar', 18),
       (9, 'AN', 'Calendar', 19),
       (9, 'AN', 'Family', 8),
       (9, 'AN', 'Family', 9),
       (9, 'AN', 'Family', 10),
       (9, 'AN', 'Family', 11),
       (9, 'AN', 'Family', 12),
       (9, 'AN', 'Family', 13),
       (9, 'AN', 'Family', 14),
       (9, 'AN', 'Family', 15),
       (9, 'AN', 'Weather', 1),
       (9, 'AN', 'Weather', 4),
       (9, 'AN', 'Weather', 5),
       (9, 'AN', 'Weather', 6),
       (9, 'AN', 'Weather', 7),

       (10, 'AN', 'Alphabet', 27),
       (10, 'AN', 'Alphabet', 28),
       (10, 'AN', 'Alphabet', 29),
       (10, 'AN', 'Alphabet', 30),
       (10, 'AN', 'Alphabet', 31),
       (10, 'AN', 'Alphabet', 32),
       (10, 'AN', 'Alphabet', 33),
       (10, 'AN', 'Alphabet', 34),
       (10, 'AN', 'Alphabet', 35),
       (10, 'AN', 'Alphabet', 36),
       (10, 'AN', 'Alphabet', 37),
       (10, 'AN', 'Alphabet', 38),
       (10, 'AN', 'Alphabet', 39),
       (10, 'AN', 'Alphabet', 40),
       (10, 'AN', 'Alphabet', 41),
       (10, 'AN', 'Alphabet', 42),
       (10, 'AN', 'Alphabet', 43),
       (10, 'AN', 'Alphabet', 44),
       (10, 'AN', 'Alphabet', 45),
       (10, 'AN', 'Alphabet', 46),
       (10, 'AN', 'AN Story Phrases', 9),
       (10, 'AN', 'AN Story Phrases', 10),
       (10, 'AN', 'AN Story Phrases', 11),
       (10, 'AN', 'AN Story Phrases', 12),
       (10, 'AN', 'AN Story Phrases', 13),
       (10, 'AN', 'AN Story Phrases', 14),
       (10, 'AN', 'AN Story Phrases', 15),
       (10, 'AN', 'AN Story Phrases', 16),
       (10, 'AN', 'Calendar', 1),
       (10, 'AN', 'Calendar', 2),
       (10, 'AN', 'Calendar', 3),
       (10, 'AN', 'Calendar', 4),
       (10, 'AN', 'Calendar', 5),
       (10, 'AN', 'Calendar', 6),
       (10, 'AN', 'Calendar', 7),
       (10, 'AN', 'Calendar', 8),
       (10, 'AN', 'Calendar', 9),
       (10, 'AN', 'Calendar', 10),
       (10, 'AN', 'Calendar', 11),
       (10, 'AN', 'Calendar', 12),
       (10, 'AN', 'Calendar', 13),
       (10, 'AN', 'Calendar', 14),
       (10, 'AN', 'Calendar', 15),
       (10, 'AN', 'Calendar', 16),
       (10, 'AN', 'Calendar', 17),
       (10, 'AN', 'Calendar', 18),
       (10, 'AN', 'Calendar', 19),
       (10, 'AN', 'Family', 8),
       (10, 'AN', 'Family', 9),
       (10, 'AN', 'Family', 10),
       (10, 'AN', 'Family', 11),
       (10, 'AN', 'Family', 12),
       (10, 'AN', 'Family', 13),
       (10, 'AN', 'Family', 14),
       (10, 'AN', 'Family', 15),
       (10, 'AN', 'Sea Life', 1),
       (10, 'AN', 'Sea Life', 2),
       (10, 'AN', 'Sea Life', 3),
       (10, 'AN', 'Sea Life', 4),
       (10, 'AN', 'Sea Life', 5),
       (10, 'AN', 'Sea Life', 6),
       (10, 'AN', 'Sea Life', 7),
       (10, 'AN', 'Sea Life', 8),
       (10, 'AN', 'Weather', 1),
       (10, 'AN', 'Weather', 4),
       (10, 'AN', 'Weather', 5),
       (10, 'AN', 'Weather', 6),
       (10, 'AN', 'Weather', 7),

       (11, 'AN', 'Alphabet', 27),
       (11, 'AN', 'Alphabet', 28),
       (11, 'AN', 'Alphabet', 29),
       (11, 'AN', 'Alphabet', 30),
       (11, 'AN', 'Alphabet', 31),
       (11, 'AN', 'Alphabet', 32),
       (11, 'AN', 'Alphabet', 33),
       (11, 'AN', 'Alphabet', 34),
       (11, 'AN', 'Alphabet', 35),
       (11, 'AN', 'Alphabet', 36),
       (11, 'AN', 'Alphabet', 37),
       (11, 'AN', 'Alphabet', 38),
       (11, 'AN', 'Alphabet', 39),
       (11, 'AN', 'Alphabet', 40),
       (11, 'AN', 'Alphabet', 41),
       (11, 'AN', 'Alphabet', 42),
       (11, 'AN', 'Alphabet', 43),
       (11, 'AN', 'Alphabet', 44),
       (11, 'AN', 'Alphabet', 45),
       (11, 'AN', 'Alphabet', 46),
       (11, 'AN', 'Alphabet', 47),
       (11, 'AN', 'Alphabet', 48),
       (11, 'AN', 'AN Story Phrases', 9),
       (11, 'AN', 'AN Story Phrases', 10),
       (11, 'AN', 'AN Story Phrases', 11),
       (11, 'AN', 'AN Story Phrases', 12),
       (11, 'AN', 'AN Story Phrases', 13),
       (11, 'AN', 'AN Story Phrases', 14),
       (11, 'AN', 'AN Story Phrases', 15),
       (11, 'AN', 'AN Story Phrases', 16),
       (11, 'AN', 'Calendar', 1),
       (11, 'AN', 'Calendar', 2),
       (11, 'AN', 'Calendar', 3),
       (11, 'AN', 'Calendar', 4),
       (11, 'AN', 'Calendar', 5),
       (11, 'AN', 'Calendar', 6),
       (11, 'AN', 'Calendar', 7),
       (11, 'AN', 'Calendar', 8),
       (11, 'AN', 'Calendar', 9),
       (11, 'AN', 'Calendar', 10),
       (11, 'AN', 'Calendar', 11),
       (11, 'AN', 'Calendar', 12),
       (11, 'AN', 'Calendar', 13),
       (11, 'AN', 'Calendar', 14),
       (11, 'AN', 'Calendar', 15),
       (11, 'AN', 'Calendar', 16),
       (11, 'AN', 'Calendar', 17),
       (11, 'AN', 'Calendar', 18),
       (11, 'AN', 'Calendar', 19),
       (11, 'AN', 'Clothing', 1),
       (11, 'AN', 'Clothing', 6),
       (11, 'AN', 'Clothing', 7),
       (11, 'AN', 'Clothing', 8),
       (11, 'AN', 'Clothing', 9),
       (11, 'AN', 'Clothing', 13),
       (11, 'AN', 'Clothing', 14),
       (11, 'AN', 'Clothing', 17),
       (11, 'AN', 'Sea Life', 1),
       (11, 'AN', 'Sea Life', 2),
       (11, 'AN', 'Sea Life', 3),
       (11, 'AN', 'Sea Life', 4),
       (11, 'AN', 'Sea Life', 5),
       (11, 'AN', 'Sea Life', 6),
       (11, 'AN', 'Sea Life', 7),
       (11, 'AN', 'Sea Life', 8),
       (11, 'AN', 'Weather', 1),
       (11, 'AN', 'Weather', 4),
       (11, 'AN', 'Weather', 5),
       (11, 'AN', 'Weather', 6),
       (11, 'AN', 'Weather', 7),

       (12, 'AN', 'Alphabet', 27),
       (12, 'AN', 'Alphabet', 28),
       (12, 'AN', 'Alphabet', 29),
       (12, 'AN', 'Alphabet', 30),
       (12, 'AN', 'Alphabet', 31),
       (12, 'AN', 'Alphabet', 32),
       (12, 'AN', 'Alphabet', 33),
       (12, 'AN', 'Alphabet', 34),
       (12, 'AN', 'Alphabet', 35),
       (12, 'AN', 'Alphabet', 36),
       (12, 'AN', 'Alphabet', 37),
       (12, 'AN', 'Alphabet', 38),
       (12, 'AN', 'Alphabet', 39),
       (12, 'AN', 'Alphabet', 40),
       (12, 'AN', 'Alphabet', 41),
       (12, 'AN', 'Alphabet', 42),
       (12, 'AN', 'Alphabet', 43),
       (12, 'AN', 'Alphabet', 44),
       (12, 'AN', 'Alphabet', 45),
       (12, 'AN', 'Alphabet', 46),
       (12, 'AN', 'Alphabet', 47),
       (12, 'AN', 'Alphabet', 48),
       (12, 'AN', 'Alphabet', 49),
       (12, 'AN', 'Alphabet', 50),
       (12, 'AN', 'AN Story Phrases', 9),
       (12, 'AN', 'AN Story Phrases', 10),
       (12, 'AN', 'AN Story Phrases', 11),
       (12, 'AN', 'AN Story Phrases', 12),
       (12, 'AN', 'AN Story Phrases', 13),
       (12, 'AN', 'AN Story Phrases', 14),
       (12, 'AN', 'AN Story Phrases', 15),
       (12, 'AN', 'AN Story Phrases', 16),
       (12, 'AN', 'Calendar', 1),
       (12, 'AN', 'Calendar', 2),
       (12, 'AN', 'Calendar', 3),
       (12, 'AN', 'Calendar', 4),
       (12, 'AN', 'Calendar', 5),
       (12, 'AN', 'Calendar', 6),
       (12, 'AN', 'Calendar', 7),
       (12, 'AN', 'Calendar', 8),
       (12, 'AN', 'Calendar', 9),
       (12, 'AN', 'Calendar', 10),
       (12, 'AN', 'Calendar', 11),
       (12, 'AN', 'Calendar', 12),
       (12, 'AN', 'Calendar', 13),
       (12, 'AN', 'Calendar', 14),
       (12, 'AN', 'Calendar', 15),
       (12, 'AN', 'Calendar', 16),
       (12, 'AN', 'Calendar', 17),
       (12, 'AN', 'Calendar', 18),
       (12, 'AN', 'Calendar', 19),
       (12, 'AN', 'Clothing', 1),
       (12, 'AN', 'Clothing', 6),
       (12, 'AN', 'Clothing', 7),
       (12, 'AN', 'Clothing', 8),
       (12, 'AN', 'Clothing', 9),
       (12, 'AN', 'Clothing', 13),
       (12, 'AN', 'Clothing', 14),
       (12, 'AN', 'Clothing', 17),
       (12, 'AN', 'Food', 1),
       (12, 'AN', 'Food', 14),
       (12, 'AN', 'Food', 18),
       (12, 'AN', 'Food', 22),
       (12, 'AN', 'Food', 23),
       (12, 'AN', 'Food', 26),
       (12, 'AN', 'Food', 28),
       (12, 'AN', 'Food', 29),
       (12, 'AN', 'Weather', 1),
       (12, 'AN', 'Weather', 4),
       (12, 'AN', 'Weather', 5),
       (12, 'AN', 'Weather', 6),
       (12, 'AN', 'Weather', 7),

       (13, 'AN', 'Alphabet', 27),
       (13, 'AN', 'Alphabet', 28),
       (13, 'AN', 'Alphabet', 29),
       (13, 'AN', 'Alphabet', 30),
       (13, 'AN', 'Alphabet', 31),
       (13, 'AN', 'Alphabet', 32),
       (13, 'AN', 'Alphabet', 33),
       (13, 'AN', 'Alphabet', 34),
       (13, 'AN', 'Alphabet', 35),
       (13, 'AN', 'Alphabet', 36),
       (13, 'AN', 'Alphabet', 37),
       (13, 'AN', 'Alphabet', 38),
       (13, 'AN', 'Alphabet', 39),
       (13, 'AN', 'Alphabet', 40),
       (13, 'AN', 'Alphabet', 41),
       (13, 'AN', 'Alphabet', 42),
       (13, 'AN', 'Alphabet', 43),
       (13, 'AN', 'Alphabet', 44),
       (13, 'AN', 'Alphabet', 45),
       (13, 'AN', 'Alphabet', 46),
       (13, 'AN', 'Alphabet', 47),
       (13, 'AN', 'Alphabet', 48),
       (13, 'AN', 'Alphabet', 49),
       (13, 'AN', 'Alphabet', 50),
       (13, 'AN', 'Alphabet', 51),
       (13, 'AN', 'Alphabet', 52),
       (13, 'AN', 'AN Story Phrases', 9),
       (13, 'AN', 'AN Story Phrases', 10),
       (13, 'AN', 'AN Story Phrases', 11),
       (13, 'AN', 'AN Story Phrases', 12),
       (13, 'AN', 'AN Story Phrases', 13),
       (13, 'AN', 'AN Story Phrases', 14),
       (13, 'AN', 'AN Story Phrases', 15),
       (13, 'AN', 'AN Story Phrases', 16),
       (13, 'AN', 'Calendar', 1),
       (13, 'AN', 'Calendar', 2),
       (13, 'AN', 'Calendar', 3),
       (13, 'AN', 'Calendar', 4),
       (13, 'AN', 'Calendar', 5),
       (13, 'AN', 'Calendar', 6),
       (13, 'AN', 'Calendar', 7),
       (13, 'AN', 'Calendar', 8),
       (13, 'AN', 'Calendar', 9),
       (13, 'AN', 'Calendar', 10),
       (13, 'AN', 'Calendar', 11),
       (13, 'AN', 'Calendar', 12),
       (13, 'AN', 'Calendar', 13),
       (13, 'AN', 'Calendar', 14),
       (13, 'AN', 'Calendar', 15),
       (13, 'AN', 'Calendar', 16),
       (13, 'AN', 'Calendar', 17),
       (13, 'AN', 'Calendar', 18),
       (13, 'AN', 'Calendar', 19),
       (13, 'AN', 'Clothing', 1),
       (13, 'AN', 'Clothing', 6),
       (13, 'AN', 'Clothing', 7),
       (13, 'AN', 'Clothing', 8),
       (13, 'AN', 'Clothing', 9),
       (13, 'AN', 'Clothing', 13),
       (13, 'AN', 'Clothing', 14),
       (13, 'AN', 'Clothing', 17),
       (13, 'AN', 'Family', 8),
       (13, 'AN', 'Family', 9),
       (13, 'AN', 'Family', 10),
       (13, 'AN', 'Family', 11),
       (13, 'AN', 'Family', 12),
       (13, 'AN', 'Family', 13),
       (13, 'AN', 'Family', 14),
       (13, 'AN', 'Family', 15),
       (13, 'AN', 'Food', 1),
       (13, 'AN', 'Food', 14),
       (13, 'AN', 'Food', 18),
       (13, 'AN', 'Food', 22),
       (13, 'AN', 'Food', 23),
       (13, 'AN', 'Food', 26),
       (13, 'AN', 'Food', 28),
       (13, 'AN', 'Food', 29),
       (13, 'AN', 'Sea Life', 1),
       (13, 'AN', 'Sea Life', 2),
       (13, 'AN', 'Sea Life', 3),
       (13, 'AN', 'Sea Life', 4),
       (13, 'AN', 'Sea Life', 5),
       (13, 'AN', 'Sea Life', 6),
       (13, 'AN', 'Sea Life', 7),
       (13, 'AN', 'Sea Life', 8),
       (13, 'AN', 'Weather', 1),
       (13, 'AN', 'Weather', 4),
       (13, 'AN', 'Weather', 5),
       (13, 'AN', 'Weather', 6),
       (13, 'AN', 'Weather', 7),

       (14, 'AN', 'Alphabet', 27),
       (14, 'AN', 'Alphabet', 28),
       (14, 'AN', 'Alphabet', 29),
       (14, 'AN', 'Alphabet', 30),
       (14, 'AN', 'Alphabet', 31),
       (14, 'AN', 'Alphabet', 32),
       (14, 'AN', 'Alphabet', 33),
       (14, 'AN', 'Alphabet', 34),
       (14, 'AN', 'Alphabet', 35),
       (14, 'AN', 'Alphabet', 36),
       (14, 'AN', 'Alphabet', 37),
       (14, 'AN', 'Alphabet', 38),
       (14, 'AN', 'Alphabet', 39),
       (14, 'AN', 'Alphabet', 40),
       (14, 'AN', 'Alphabet', 41),
       (14, 'AN', 'Alphabet', 42),
       (14, 'AN', 'Alphabet', 43),
       (14, 'AN', 'Alphabet', 44),
       (14, 'AN', 'Alphabet', 45),
       (14, 'AN', 'Alphabet', 46),
       (14, 'AN', 'Alphabet', 47),
       (14, 'AN', 'Alphabet', 48),
       (14, 'AN', 'Alphabet', 49),
       (14, 'AN', 'Alphabet', 50),
       (14, 'AN', 'Alphabet', 51),
       (14, 'AN', 'Alphabet', 52),
       (14, 'AN', 'AN Story Phrases', 9),
       (14, 'AN', 'AN Story Phrases', 10),
       (14, 'AN', 'AN Story Phrases', 11),
       (14, 'AN', 'AN Story Phrases', 12),
       (14, 'AN', 'AN Story Phrases', 13),
       (14, 'AN', 'AN Story Phrases', 14),
       (14, 'AN', 'AN Story Phrases', 15),
       (14, 'AN', 'AN Story Phrases', 16),
       (14, 'AN', 'Calendar', 1),
       (14, 'AN', 'Calendar', 2),
       (14, 'AN', 'Calendar', 3),
       (14, 'AN', 'Calendar', 4),
       (14, 'AN', 'Calendar', 5),
       (14, 'AN', 'Calendar', 6),
       (14, 'AN', 'Calendar', 7),
       (14, 'AN', 'Calendar', 8),
       (14, 'AN', 'Calendar', 9),
       (14, 'AN', 'Calendar', 10),
       (14, 'AN', 'Calendar', 11),
       (14, 'AN', 'Calendar', 12),
       (14, 'AN', 'Calendar', 13),
       (14, 'AN', 'Calendar', 14),
       (14, 'AN', 'Calendar', 15),
       (14, 'AN', 'Calendar', 16),
       (14, 'AN', 'Calendar', 17),
       (14, 'AN', 'Calendar', 18),
       (14, 'AN', 'Calendar', 19),
       (14, 'AN', 'Clothing', 1),
       (14, 'AN', 'Clothing', 6),
       (14, 'AN', 'Clothing', 7),
       (14, 'AN', 'Clothing', 8),
       (14, 'AN', 'Clothing', 9),
       (14, 'AN', 'Clothing', 13),
       (14, 'AN', 'Clothing', 14),
       (14, 'AN', 'Clothing', 17),
       (14, 'AN', 'Family', 8),
       (14, 'AN', 'Family', 9),
       (14, 'AN', 'Family', 10),
       (14, 'AN', 'Family', 11),
       (14, 'AN', 'Family', 12),
       (14, 'AN', 'Family', 13),
       (14, 'AN', 'Family', 14),
       (14, 'AN', 'Family', 15),
       (14, 'AN', 'Food', 1),
       (14, 'AN', 'Food', 14),
       (14, 'AN', 'Food', 18),
       (14, 'AN', 'Food', 22),
       (14, 'AN', 'Food', 23),
       (14, 'AN', 'Food', 26),
       (14, 'AN', 'Food', 28),
       (14, 'AN', 'Food', 29),
       (14, 'AN', 'Sea Life', 1),
       (14, 'AN', 'Sea Life', 2),
       (14, 'AN', 'Sea Life', 3),
       (14, 'AN', 'Sea Life', 4),
       (14, 'AN', 'Sea Life', 5),
       (14, 'AN', 'Sea Life', 6),
       (14, 'AN', 'Sea Life', 7),
       (14, 'AN', 'Sea Life', 8),
       (14, 'AN', 'Weather', 1),
       (14, 'AN', 'Weather', 4),
       (14, 'AN', 'Weather', 5),
       (14, 'AN', 'Weather', 6),
       (14, 'AN', 'Weather', 7),

       (15, 'AN', 'Alphabet', 27),
       (15, 'AN', 'Alphabet', 28),
       (15, 'AN', 'Alphabet', 29),
       (15, 'AN', 'Alphabet', 30),
       (15, 'AN', 'Alphabet', 31),
       (15, 'AN', 'Alphabet', 32),
       (15, 'AN', 'Alphabet', 33),
       (15, 'AN', 'Alphabet', 34),
       (15, 'AN', 'Alphabet', 35),
       (15, 'AN', 'Alphabet', 36),
       (15, 'AN', 'Alphabet', 37),
       (15, 'AN', 'Alphabet', 38),
       (15, 'AN', 'Alphabet', 39),
       (15, 'AN', 'Alphabet', 40),
       (15, 'AN', 'Alphabet', 41),
       (15, 'AN', 'Alphabet', 42),
       (15, 'AN', 'Alphabet', 43),
       (15, 'AN', 'Alphabet', 44),
       (15, 'AN', 'Alphabet', 45),
       (15, 'AN', 'Alphabet', 46),
       (15, 'AN', 'Alphabet', 47),
       (15, 'AN', 'Alphabet', 48),
       (15, 'AN', 'Alphabet', 49),
       (15, 'AN', 'Alphabet', 50),
       (15, 'AN', 'Alphabet', 51),
       (15, 'AN', 'Alphabet', 52),
       (15, 'AN', 'AN Story Phrases', 1),
       (15, 'AN', 'AN Story Phrases', 2),
       (15, 'AN', 'AN Story Phrases', 3),
       (15, 'AN', 'AN Story Phrases', 4),
       (15, 'AN', 'AN Story Phrases', 5),
       (15, 'AN', 'AN Story Phrases', 6),
       (15, 'AN', 'AN Story Phrases', 7),
       (15, 'AN', 'AN Story Phrases', 8),
       (15, 'AN', 'AN Story Phrases', 9),
       (15, 'AN', 'AN Story Phrases', 10),
       (15, 'AN', 'AN Story Phrases', 11),
       (15, 'AN', 'AN Story Phrases', 12),
       (15, 'AN', 'AN Story Phrases', 13),
       (15, 'AN', 'AN Story Phrases', 14),
       (15, 'AN', 'AN Story Phrases', 15),
       (15, 'AN', 'AN Story Phrases', 16),
       (15, 'AN', 'Calendar', 1),
       (15, 'AN', 'Calendar', 2),
       (15, 'AN', 'Calendar', 3),
       (15, 'AN', 'Calendar', 4),
       (15, 'AN', 'Calendar', 5),
       (15, 'AN', 'Calendar', 6),
       (15, 'AN', 'Calendar', 7),
       (15, 'AN', 'Calendar', 8),
       (15, 'AN', 'Calendar', 9),
       (15, 'AN', 'Calendar', 10),
       (15, 'AN', 'Calendar', 11),
       (15, 'AN', 'Calendar', 12),
       (15, 'AN', 'Calendar', 13),
       (15, 'AN', 'Calendar', 14),
       (15, 'AN', 'Calendar', 15),
       (15, 'AN', 'Calendar', 16),
       (15, 'AN', 'Calendar', 17),
       (15, 'AN', 'Calendar', 18),
       (15, 'AN', 'Calendar', 19),
       (15, 'AN', 'Classroom Objects', 1),
       (15, 'AN', 'Classroom Objects', 2),
       (15, 'AN', 'Classroom Objects', 3),
       (15, 'AN', 'Classroom Objects', 4),
       (15, 'AN', 'Classroom Objects', 6),
       (15, 'AN', 'Classroom Objects', 7),
       (15, 'AN', 'Classroom Objects', 8),
       (15, 'AN', 'Classroom Objects', 10),
       (15, 'AN', 'Classroom Objects', 12),
       (15, 'AN', 'Classroom Objects', 13),
       (15, 'AN', 'Classroom Objects', 15),
       (15, 'AN', 'Classroom Objects', 16),
       (15, 'AN', 'Classroom Objects', 18),
       (15, 'AN', 'Classroom Objects', 19),
       (15, 'AN', 'Classroom Objects', 20),
       (15, 'AN', 'Classroom Objects', 23),
       (15, 'AN', 'Clothing', 1),
       (15, 'AN', 'Clothing', 6),
       (15, 'AN', 'Clothing', 7),
       (15, 'AN', 'Clothing', 8),
       (15, 'AN', 'Clothing', 9),
       (15, 'AN', 'Clothing', 13),
       (15, 'AN', 'Clothing', 14),
       (15, 'AN', 'Clothing', 17),
       (15, 'AN', 'Colors', 1),
       (15, 'AN', 'Colors', 2),
       (15, 'AN', 'Colors', 3),
       (15, 'AN', 'Colors', 4),
       (15, 'AN', 'Colors', 5),
       (15, 'AN', 'Colors', 6),
       (15, 'AN', 'Colors', 7),
       (15, 'AN', 'Colors', 8),
       (15, 'AN', 'Colors', 9),
       (15, 'AN', 'Colors', 10),
       (15, 'AN', 'Family', 8),
       (15, 'AN', 'Family', 9),
       (15, 'AN', 'Family', 10),
       (15, 'AN', 'Family', 11),
       (15, 'AN', 'Family', 12),
       (15, 'AN', 'Family', 13),
       (15, 'AN', 'Family', 14),
       (15, 'AN', 'Family', 15),
       (15, 'AN', 'Food', 1),
       (15, 'AN', 'Food', 14),
       (15, 'AN', 'Food', 18),
       (15, 'AN', 'Food', 22),
       (15, 'AN', 'Food', 23),
       (15, 'AN', 'Food', 26),
       (15, 'AN', 'Food', 28),
       (15, 'AN', 'Food', 29),
       (15, 'AN', 'Numbers', 1),
       (15, 'AN', 'Numbers', 2),
       (15, 'AN', 'Numbers', 3),
       (15, 'AN', 'Numbers', 4),
       (15, 'AN', 'Numbers', 5),
       (15, 'AN', 'Numbers', 6),
       (15, 'AN', 'Numbers', 7),
       (15, 'AN', 'Numbers', 8),
       (15, 'AN', 'Numbers', 9),
       (15, 'AN', 'Numbers', 10),
       (15, 'AN', 'Sea Life', 1),
       (15, 'AN', 'Sea Life', 2),
       (15, 'AN', 'Sea Life', 3),
       (15, 'AN', 'Sea Life', 4),
       (15, 'AN', 'Sea Life', 5),
       (15, 'AN', 'Sea Life', 6),
       (15, 'AN', 'Sea Life', 7),
       (15, 'AN', 'Sea Life', 8),
       (15, 'AN', 'Weather', 1),
       (15, 'AN', 'Weather', 4),
       (15, 'AN', 'Weather', 5),
       (15, 'AN', 'Weather', 6),
       (15, 'AN', 'Weather', 7),

       (16, 'AN', 'Alphabet', 1),
       (16, 'AN', 'Alphabet', 2),
       (16, 'AN', 'AN Story Phrases', 17),
       (16, 'AN', 'AN Story Phrases', 18),
       (16, 'AN', 'AN Story Phrases', 19),
       (16, 'AN', 'AN Story Phrases', 20),
       (16, 'AN', 'AN Story Phrases', 21),
       (16, 'AN', 'AN Story Phrases', 22),
       (16, 'AN', 'AN Story Phrases', 23),
       (16, 'AN', 'AN Story Phrases', 24),
       (16, 'AN', 'Calendar', 1),
       (16, 'AN', 'Calendar', 2),
       (16, 'AN', 'Calendar', 3),
       (16, 'AN', 'Calendar', 4),
       (16, 'AN', 'Calendar', 5),
       (16, 'AN', 'Calendar', 6),
       (16, 'AN', 'Calendar', 7),
       (16, 'AN', 'Calendar', 8),
       (16, 'AN', 'Calendar', 9),
       (16, 'AN', 'Calendar', 10),
       (16, 'AN', 'Calendar', 11),
       (16, 'AN', 'Calendar', 12),
       (16, 'AN', 'Calendar', 13),
       (16, 'AN', 'Calendar', 14),
       (16, 'AN', 'Calendar', 15),
       (16, 'AN', 'Calendar', 16),
       (16, 'AN', 'Calendar', 17),
       (16, 'AN', 'Calendar', 18),
       (16, 'AN', 'Calendar', 19),
       (16, 'AN', 'Food', 1),
       (16, 'AN', 'Food', 14),
       (16, 'AN', 'Food', 18),
       (16, 'AN', 'Food', 22),
       (16, 'AN', 'Food', 23),
       (16, 'AN', 'Food', 26),
       (16, 'AN', 'Food', 28),
       (16, 'AN', 'Food', 29),
       (16, 'AN', 'Weather', 1),
       (16, 'AN', 'Weather', 4),
       (16, 'AN', 'Weather', 5),
       (16, 'AN', 'Weather', 6),
       (16, 'AN', 'Weather', 7),

       (17, 'AN', 'Alphabet', 1),
       (17, 'AN', 'Alphabet', 2),
       (17, 'AN', 'Alphabet', 3),
       (17, 'AN', 'Alphabet', 4),
       (17, 'AN', 'AN Story Phrases', 17),
       (17, 'AN', 'AN Story Phrases', 18),
       (17, 'AN', 'AN Story Phrases', 19),
       (17, 'AN', 'AN Story Phrases', 20),
       (17, 'AN', 'AN Story Phrases', 21),
       (17, 'AN', 'AN Story Phrases', 22),
       (17, 'AN', 'AN Story Phrases', 23),
       (17, 'AN', 'AN Story Phrases', 24),
       (17, 'AN', 'Calendar', 1),
       (17, 'AN', 'Calendar', 2),
       (17, 'AN', 'Calendar', 3),
       (17, 'AN', 'Calendar', 4),
       (17, 'AN', 'Calendar', 5),
       (17, 'AN', 'Calendar', 6),
       (17, 'AN', 'Calendar', 7),
       (17, 'AN', 'Calendar', 8),
       (17, 'AN', 'Calendar', 9),
       (17, 'AN', 'Calendar', 10),
       (17, 'AN', 'Calendar', 11),
       (17, 'AN', 'Calendar', 12),
       (17, 'AN', 'Calendar', 13),
       (17, 'AN', 'Calendar', 14),
       (17, 'AN', 'Calendar', 15),
       (17, 'AN', 'Calendar', 16),
       (17, 'AN', 'Calendar', 17),
       (17, 'AN', 'Calendar', 18),
       (17, 'AN', 'Calendar', 19),
       (17, 'AN', 'Food', 1),
       (17, 'AN', 'Food', 14),
       (17, 'AN', 'Food', 18),
       (17, 'AN', 'Food', 22),
       (17, 'AN', 'Food', 23),
       (17, 'AN', 'Food', 26),
       (17, 'AN', 'Food', 28),
       (17, 'AN', 'Food', 29),
       (17, 'AN', 'Numbers', 1),
       (17, 'AN', 'Numbers', 2),
       (17, 'AN', 'Numbers', 3),
       (17, 'AN', 'Numbers', 4),
       (17, 'AN', 'Numbers', 5),
       (17, 'AN', 'Numbers', 6),
       (17, 'AN', 'Numbers', 7),
       (17, 'AN', 'Numbers', 8),
       (17, 'AN', 'Numbers', 9),
       (17, 'AN', 'Numbers', 10),
       (17, 'AN', 'Numbers', 11),
       (17, 'AN', 'Numbers', 12),
       (17, 'AN', 'Time', 1),
       (17, 'AN', 'Time', 2),
       (17, 'AN', 'Time', 3),
       (17, 'AN', 'Time', 4),
       (17, 'AN', 'Time', 5),
       (17, 'AN', 'Time', 6),
       (17, 'AN', 'Time', 7),
       (17, 'AN', 'Time', 8),
       (17, 'AN', 'Time', 9),
       (17, 'AN', 'Time', 10),
       (17, 'AN', 'Time', 11),
       (17, 'AN', 'Time', 12),
       (17, 'AN', 'Weather', 1),
       (17, 'AN', 'Weather', 4),
       (17, 'AN', 'Weather', 5),
       (17, 'AN', 'Weather', 6),
       (17, 'AN', 'Weather', 7),

       (18, 'AN', 'Alphabet', 1),
       (18, 'AN', 'Alphabet', 2),
       (18, 'AN', 'Alphabet', 3),
       (18, 'AN', 'Alphabet', 4),
       (18, 'AN', 'Alphabet', 5),
       (18, 'AN', 'Alphabet', 6),
       (18, 'AN', 'AN Story Phrases', 17),
       (18, 'AN', 'AN Story Phrases', 18),
       (18, 'AN', 'AN Story Phrases', 19),
       (18, 'AN', 'AN Story Phrases', 20),
       (18, 'AN', 'AN Story Phrases', 21),
       (18, 'AN', 'AN Story Phrases', 22),
       (18, 'AN', 'AN Story Phrases', 23),
       (18, 'AN', 'AN Story Phrases', 24),
       (18, 'AN', 'Calendar', 1),
       (18, 'AN', 'Calendar', 2),
       (18, 'AN', 'Calendar', 3),
       (18, 'AN', 'Calendar', 4),
       (18, 'AN', 'Calendar', 5),
       (18, 'AN', 'Calendar', 6),
       (18, 'AN', 'Calendar', 7),
       (18, 'AN', 'Calendar', 8),
       (18, 'AN', 'Calendar', 9),
       (18, 'AN', 'Calendar', 10),
       (18, 'AN', 'Calendar', 11),
       (18, 'AN', 'Calendar', 12),
       (18, 'AN', 'Calendar', 13),
       (18, 'AN', 'Calendar', 14),
       (18, 'AN', 'Calendar', 15),
       (18, 'AN', 'Calendar', 16),
       (18, 'AN', 'Calendar', 17),
       (18, 'AN', 'Calendar', 18),
       (18, 'AN', 'Calendar', 19),
       (18, 'AN', 'Food', 1),
       (18, 'AN', 'Food', 14),
       (18, 'AN', 'Food', 18),
       (18, 'AN', 'Food', 22),
       (18, 'AN', 'Food', 23),
       (18, 'AN', 'Food', 26),
       (18, 'AN', 'Food', 28),
       (18, 'AN', 'Food', 29),
       (18, 'AN', 'Household Objects', 1),
       (18, 'AN', 'Household Objects', 3),
       (18, 'AN', 'Household Objects', 4),
       (18, 'AN', 'Household Objects', 5),
       (18, 'AN', 'Household Objects', 6),
       (18, 'AN', 'Household Objects', 8),
       (18, 'AN', 'Household Objects', 9),
       (18, 'AN', 'Household Objects', 10),
       (18, 'AN', 'Time', 1),
       (18, 'AN', 'Time', 2),
       (18, 'AN', 'Time', 3),
       (18, 'AN', 'Time', 4),
       (18, 'AN', 'Time', 5),
       (18, 'AN', 'Time', 6),
       (18, 'AN', 'Time', 7),
       (18, 'AN', 'Time', 8),
       (18, 'AN', 'Time', 9),
       (18, 'AN', 'Time', 10),
       (18, 'AN', 'Time', 11),
       (18, 'AN', 'Time', 12),
       (18, 'AN', 'Weather', 1),
       (18, 'AN', 'Weather', 4),
       (18, 'AN', 'Weather', 5),
       (18, 'AN', 'Weather', 6),
       (18, 'AN', 'Weather', 7),

       (19, 'AN', 'Alphabet', 1),
       (19, 'AN', 'Alphabet', 2),
       (19, 'AN', 'Alphabet', 3),
       (19, 'AN', 'Alphabet', 4),
       (19, 'AN', 'Alphabet', 5),
       (19, 'AN', 'Alphabet', 6),
       (19, 'AN', 'Alphabet', 7),
       (19, 'AN', 'Alphabet', 8),
       (19, 'AN', 'AN Story Phrases', 17),
       (19, 'AN', 'AN Story Phrases', 18),
       (19, 'AN', 'AN Story Phrases', 19),
       (19, 'AN', 'AN Story Phrases', 20),
       (19, 'AN', 'AN Story Phrases', 21),
       (19, 'AN', 'AN Story Phrases', 22),
       (19, 'AN', 'AN Story Phrases', 23),
       (19, 'AN', 'AN Story Phrases', 24),
       (19, 'AN', 'Calendar', 1),
       (19, 'AN', 'Calendar', 2),
       (19, 'AN', 'Calendar', 3),
       (19, 'AN', 'Calendar', 4),
       (19, 'AN', 'Calendar', 5),
       (19, 'AN', 'Calendar', 6),
       (19, 'AN', 'Calendar', 7),
       (19, 'AN', 'Calendar', 8),
       (19, 'AN', 'Calendar', 9),
       (19, 'AN', 'Calendar', 10),
       (19, 'AN', 'Calendar', 11),
       (19, 'AN', 'Calendar', 12),
       (19, 'AN', 'Calendar', 13),
       (19, 'AN', 'Calendar', 14),
       (19, 'AN', 'Calendar', 15),
       (19, 'AN', 'Calendar', 16),
       (19, 'AN', 'Calendar', 17),
       (19, 'AN', 'Calendar', 18),
       (19, 'AN', 'Calendar', 19),
       (19, 'AN', 'Food', 1),
       (19, 'AN', 'Food', 14),
       (19, 'AN', 'Food', 18),
       (19, 'AN', 'Food', 22),
       (19, 'AN', 'Food', 23),
       (19, 'AN', 'Food', 26),
       (19, 'AN', 'Food', 28),
       (19, 'AN', 'Food', 29),
       (19, 'AN', 'Household Objects', 1),
       (19, 'AN', 'Household Objects', 2),
       (19, 'AN', 'Household Objects', 3),
       (19, 'AN', 'Household Objects', 4),
       (19, 'AN', 'Household Objects', 5),
       (19, 'AN', 'Household Objects', 6),
       (19, 'AN', 'Household Objects', 8),
       (19, 'AN', 'Household Objects', 9),
       (19, 'AN', 'Household Objects', 10),
       (19, 'AN', 'Toys', 1),
       (19, 'AN', 'Toys', 2),
       (19, 'AN', 'Toys', 3),
       (19, 'AN', 'Toys', 4),
       (19, 'AN', 'Toys', 5),
       (19, 'AN', 'Toys', 6),
       (19, 'AN', 'Toys', 7),
       (19, 'AN', 'Weather', 1),
       (19, 'AN', 'Weather', 4),
       (19, 'AN', 'Weather', 5),
       (19, 'AN', 'Weather', 6),
       (19, 'AN', 'Weather', 7),

       (20, 'AN', 'Alphabet', 1),
       (20, 'AN', 'Alphabet', 2),
       (20, 'AN', 'Alphabet', 3),
       (20, 'AN', 'Alphabet', 4),
       (20, 'AN', 'Alphabet', 5),
       (20, 'AN', 'Alphabet', 6),
       (20, 'AN', 'Alphabet', 7),
       (20, 'AN', 'Alphabet', 8),
       (20, 'AN', 'Alphabet', 9),
       (20, 'AN', 'Alphabet', 10),
       (20, 'AN', 'AN Story Phrases', 17),
       (20, 'AN', 'AN Story Phrases', 18),
       (20, 'AN', 'AN Story Phrases', 19),
       (20, 'AN', 'AN Story Phrases', 20),
       (20, 'AN', 'AN Story Phrases', 21),
       (20, 'AN', 'AN Story Phrases', 22),
       (20, 'AN', 'AN Story Phrases', 23),
       (20, 'AN', 'AN Story Phrases', 24),
       (20, 'AN', 'Calendar', 1),
       (20, 'AN', 'Calendar', 2),
       (20, 'AN', 'Calendar', 3),
       (20, 'AN', 'Calendar', 4),
       (20, 'AN', 'Calendar', 5),
       (20, 'AN', 'Calendar', 6),
       (20, 'AN', 'Calendar', 7),
       (20, 'AN', 'Calendar', 8),
       (20, 'AN', 'Calendar', 9),
       (20, 'AN', 'Calendar', 10),
       (20, 'AN', 'Calendar', 11),
       (20, 'AN', 'Calendar', 12),
       (20, 'AN', 'Calendar', 13),
       (20, 'AN', 'Calendar', 14),
       (20, 'AN', 'Calendar', 15),
       (20, 'AN', 'Calendar', 16),
       (20, 'AN', 'Calendar', 17),
       (20, 'AN', 'Calendar', 18),
       (20, 'AN', 'Calendar', 19),
       (20, 'AN', 'Food', 1),
       (20, 'AN', 'Food', 14),
       (20, 'AN', 'Food', 18),
       (20, 'AN', 'Food', 22),
       (20, 'AN', 'Food', 23),
       (20, 'AN', 'Food', 26),
       (20, 'AN', 'Food', 28),
       (20, 'AN', 'Food', 29),
       (20, 'AN', 'Household Objects', 2),
       (20, 'AN', 'Toys', 1),
       (20, 'AN', 'Toys', 2),
       (20, 'AN', 'Toys', 3),
       (20, 'AN', 'Toys', 4),
       (20, 'AN', 'Toys', 5),
       (20, 'AN', 'Toys', 6),
       (20, 'AN', 'Toys', 7),
       (20, 'AN', 'Weather', 1),
       (20, 'AN', 'Weather', 2),
       (20, 'AN', 'Weather', 3),
       (20, 'AN', 'Weather', 4),
       (20, 'AN', 'Weather', 5),
       (20, 'AN', 'Weather', 6),
       (20, 'AN', 'Weather', 7),

       (21, 'AN', 'Alphabet', 1),
       (21, 'AN', 'Alphabet', 2),
       (21, 'AN', 'Alphabet', 3),
       (21, 'AN', 'Alphabet', 4),
       (21, 'AN', 'Alphabet', 5),
       (21, 'AN', 'Alphabet', 6),
       (21, 'AN', 'Alphabet', 7),
       (21, 'AN', 'Alphabet', 8),
       (21, 'AN', 'Alphabet', 9),
       (21, 'AN', 'Alphabet', 10),
       (21, 'AN', 'Alphabet', 11),
       (21, 'AN', 'Alphabet', 12),
       (21, 'AN', 'AN Story Phrases', 17),
       (21, 'AN', 'AN Story Phrases', 18),
       (21, 'AN', 'AN Story Phrases', 19),
       (21, 'AN', 'AN Story Phrases', 20),
       (21, 'AN', 'AN Story Phrases', 21),
       (21, 'AN', 'AN Story Phrases', 22),
       (21, 'AN', 'AN Story Phrases', 23),
       (21, 'AN', 'AN Story Phrases', 24),
       (21, 'AN', 'Calendar', 1),
       (21, 'AN', 'Calendar', 2),
       (21, 'AN', 'Calendar', 3),
       (21, 'AN', 'Calendar', 4),
       (21, 'AN', 'Calendar', 5),
       (21, 'AN', 'Calendar', 6),
       (21, 'AN', 'Calendar', 7),
       (21, 'AN', 'Calendar', 8),
       (21, 'AN', 'Calendar', 9),
       (21, 'AN', 'Calendar', 10),
       (21, 'AN', 'Calendar', 11),
       (21, 'AN', 'Calendar', 12),
       (21, 'AN', 'Calendar', 13),
       (21, 'AN', 'Calendar', 14),
       (21, 'AN', 'Calendar', 15),
       (21, 'AN', 'Calendar', 16),
       (21, 'AN', 'Calendar', 17),
       (21, 'AN', 'Calendar', 18),
       (21, 'AN', 'Calendar', 19),
       (21, 'AN', 'Food', 1),
       (21, 'AN', 'Food', 14),
       (21, 'AN', 'Food', 18),
       (21, 'AN', 'Food', 22),
       (21, 'AN', 'Food', 23),
       (21, 'AN', 'Food', 26),
       (21, 'AN', 'Food', 28),
       (21, 'AN', 'Food', 29),
       (21, 'AN', 'Household Objects', 1),
       (21, 'AN', 'Household Objects', 2),
       (21, 'AN', 'Household Objects', 3),
       (21, 'AN', 'Household Objects', 4),
       (21, 'AN', 'Household Objects', 5),
       (21, 'AN', 'Household Objects', 6),
       (21, 'AN', 'Household Objects', 8),
       (21, 'AN', 'Household Objects', 9),
       (21, 'AN', 'Household Objects', 10),
       (21, 'AN', 'Time', 1),
       (21, 'AN', 'Time', 2),
       (21, 'AN', 'Time', 3),
       (21, 'AN', 'Time', 4),
       (21, 'AN', 'Time', 5),
       (21, 'AN', 'Time', 6),
       (21, 'AN', 'Time', 7),
       (21, 'AN', 'Time', 8),
       (21, 'AN', 'Time', 9),
       (21, 'AN', 'Time', 10),
       (21, 'AN', 'Time', 11),
       (21, 'AN', 'Time', 12),
       (21, 'AN', 'Toys', 1),
       (21, 'AN', 'Toys', 2),
       (21, 'AN', 'Toys', 3),
       (21, 'AN', 'Toys', 4),
       (21, 'AN', 'Toys', 5),
       (21, 'AN', 'Toys', 6),
       (21, 'AN', 'Toys', 7),
       (21, 'AN', 'Weather', 1),
       (21, 'AN', 'Weather', 2),
       (21, 'AN', 'Weather', 3),
       (21, 'AN', 'Weather', 4),
       (21, 'AN', 'Weather', 5),
       (21, 'AN', 'Weather', 6),
       (21, 'AN', 'Weather', 7),

       (22, 'AN', 'Alphabet', 1),
       (22, 'AN', 'Alphabet', 2),
       (22, 'AN', 'Alphabet', 3),
       (22, 'AN', 'Alphabet', 4),
       (22, 'AN', 'Alphabet', 5),
       (22, 'AN', 'Alphabet', 6),
       (22, 'AN', 'Alphabet', 7),
       (22, 'AN', 'Alphabet', 8),
       (22, 'AN', 'Alphabet', 9),
       (22, 'AN', 'Alphabet', 10),
       (22, 'AN', 'Alphabet', 11),
       (22, 'AN', 'Alphabet', 12),
       (22, 'AN', 'Alphabet', 13),
       (22, 'AN', 'Alphabet', 14),
       (22, 'AN', 'AN Story Phrases', 17),
       (22, 'AN', 'AN Story Phrases', 18),
       (22, 'AN', 'AN Story Phrases', 19),
       (22, 'AN', 'AN Story Phrases', 20),
       (22, 'AN', 'AN Story Phrases', 21),
       (22, 'AN', 'AN Story Phrases', 22),
       (22, 'AN', 'AN Story Phrases', 23),
       (22, 'AN', 'AN Story Phrases', 24),
       (22, 'AN', 'Calendar', 1),
       (22, 'AN', 'Calendar', 2),
       (22, 'AN', 'Calendar', 3),
       (22, 'AN', 'Calendar', 4),
       (22, 'AN', 'Calendar', 5),
       (22, 'AN', 'Calendar', 6),
       (22, 'AN', 'Calendar', 7),
       (22, 'AN', 'Calendar', 8),
       (22, 'AN', 'Calendar', 9),
       (22, 'AN', 'Calendar', 10),
       (22, 'AN', 'Calendar', 11),
       (22, 'AN', 'Calendar', 12),
       (22, 'AN', 'Calendar', 13),
       (22, 'AN', 'Calendar', 14),
       (22, 'AN', 'Calendar', 15),
       (22, 'AN', 'Calendar', 16),
       (22, 'AN', 'Calendar', 17),
       (22, 'AN', 'Calendar', 18),
       (22, 'AN', 'Calendar', 19),
       (22, 'AN', 'Food', 1),
       (22, 'AN', 'Food', 14),
       (22, 'AN', 'Food', 18),
       (22, 'AN', 'Food', 22),
       (22, 'AN', 'Food', 23),
       (22, 'AN', 'Food', 26),
       (22, 'AN', 'Food', 28),
       (22, 'AN', 'Food', 29),
       (22, 'AN', 'Household Objects', 1),
       (22, 'AN', 'Household Objects', 2),
       (22, 'AN', 'Household Objects', 3),
       (22, 'AN', 'Household Objects', 4),
       (22, 'AN', 'Household Objects', 5),
       (22, 'AN', 'Household Objects', 6),
       (22, 'AN', 'Household Objects', 8),
       (22, 'AN', 'Household Objects', 9),
       (22, 'AN', 'Household Objects', 10),
       (22, 'AN', 'Time', 1),
       (22, 'AN', 'Time', 2),
       (22, 'AN', 'Time', 3),
       (22, 'AN', 'Time', 4),
       (22, 'AN', 'Time', 5),
       (22, 'AN', 'Time', 6),
       (22, 'AN', 'Time', 7),
       (22, 'AN', 'Time', 8),
       (22, 'AN', 'Time', 9),
       (22, 'AN', 'Time', 10),
       (22, 'AN', 'Time', 11),
       (22, 'AN', 'Time', 12),
       (22, 'AN', 'Toys', 1),
       (22, 'AN', 'Toys', 2),
       (22, 'AN', 'Toys', 3),
       (22, 'AN', 'Toys', 4),
       (22, 'AN', 'Toys', 5),
       (22, 'AN', 'Toys', 6),
       (22, 'AN', 'Toys', 7),
       (22, 'AN', 'Weather', 1),
       (22, 'AN', 'Weather', 2),
       (22, 'AN', 'Weather', 3),
       (22, 'AN', 'Weather', 4),
       (22, 'AN', 'Weather', 5),
       (22, 'AN', 'Weather', 6),
       (22, 'AN', 'Weather', 7),

       (23, 'AN', 'Alphabet', 1),
       (23, 'AN', 'Alphabet', 2),
       (23, 'AN', 'Alphabet', 3),
       (23, 'AN', 'Alphabet', 4),
       (23, 'AN', 'Alphabet', 5),
       (23, 'AN', 'Alphabet', 6),
       (23, 'AN', 'Alphabet', 7),
       (23, 'AN', 'Alphabet', 8),
       (23, 'AN', 'Alphabet', 9),
       (23, 'AN', 'Alphabet', 10),
       (23, 'AN', 'Alphabet', 11),
       (23, 'AN', 'Alphabet', 12),
       (23, 'AN', 'Alphabet', 13),
       (23, 'AN', 'Alphabet', 14),
       (23, 'AN', 'Alphabet', 15),
       (23, 'AN', 'Alphabet', 16),
       (23, 'AN', 'AN Story Phrases', 25),
       (23, 'AN', 'AN Story Phrases', 26),
       (23, 'AN', 'AN Story Phrases', 27),
       (23, 'AN', 'AN Story Phrases', 28),
       (23, 'AN', 'AN Story Phrases', 29),
       (23, 'AN', 'AN Story Phrases', 30),
       (23, 'AN', 'AN Story Phrases', 31),
       (23, 'AN', 'AN Story Phrases', 32),
       (23, 'AN', 'Calendar', 1),
       (23, 'AN', 'Calendar', 2),
       (23, 'AN', 'Calendar', 3),
       (23, 'AN', 'Calendar', 4),
       (23, 'AN', 'Calendar', 5),
       (23, 'AN', 'Calendar', 6),
       (23, 'AN', 'Calendar', 7),
       (23, 'AN', 'Calendar', 8),
       (23, 'AN', 'Calendar', 9),
       (23, 'AN', 'Calendar', 10),
       (23, 'AN', 'Calendar', 11),
       (23, 'AN', 'Calendar', 12),
       (23, 'AN', 'Calendar', 13),
       (23, 'AN', 'Calendar', 14),
       (23, 'AN', 'Calendar', 15),
       (23, 'AN', 'Calendar', 16),
       (23, 'AN', 'Calendar', 17),
       (23, 'AN', 'Calendar', 18),
       (23, 'AN', 'Calendar', 19),
       (23, 'AN', 'Household Objects', 2),
       (23, 'AN', 'Toys', 1),
       (23, 'AN', 'Toys', 2),
       (23, 'AN', 'Toys', 3),
       (23, 'AN', 'Toys', 4),
       (23, 'AN', 'Toys', 5),
       (23, 'AN', 'Toys', 6),
       (23, 'AN', 'Toys', 7),
       (23, 'AN', 'Weather', 1),
       (23, 'AN', 'Weather', 4),
       (23, 'AN', 'Weather', 5),
       (23, 'AN', 'Weather', 6),
       (23, 'AN', 'Weather', 7),

       (24, 'AN', 'Alphabet', 1),
       (24, 'AN', 'Alphabet', 2),
       (24, 'AN', 'Alphabet', 3),
       (24, 'AN', 'Alphabet', 4),
       (24, 'AN', 'Alphabet', 5),
       (24, 'AN', 'Alphabet', 6),
       (24, 'AN', 'Alphabet', 7),
       (24, 'AN', 'Alphabet', 8),
       (24, 'AN', 'Alphabet', 9),
       (24, 'AN', 'Alphabet', 10),
       (24, 'AN', 'Alphabet', 11),
       (24, 'AN', 'Alphabet', 12),
       (24, 'AN', 'Alphabet', 13),
       (24, 'AN', 'Alphabet', 14),
       (24, 'AN', 'Alphabet', 15),
       (24, 'AN', 'Alphabet', 16),
       (24, 'AN', 'Alphabet', 17),
       (24, 'AN', 'Alphabet', 18),
       (24, 'AN', 'AN Story Phrases', 25),
       (24, 'AN', 'AN Story Phrases', 26),
       (24, 'AN', 'AN Story Phrases', 27),
       (24, 'AN', 'AN Story Phrases', 28),
       (24, 'AN', 'AN Story Phrases', 29),
       (24, 'AN', 'AN Story Phrases', 30),
       (24, 'AN', 'AN Story Phrases', 31),
       (24, 'AN', 'AN Story Phrases', 32),
       (24, 'AN', 'Animals', 3),
       (24, 'AN', 'Animals', 6),
       (24, 'AN', 'Animals', 7),
       (24, 'AN', 'Animals', 8),
       (24, 'AN', 'Animals', 10),
       (24, 'AN', 'Animals', 11),
       (24, 'AN', 'Animals', 12),
       (24, 'AN', 'Animals', 13),
       (24, 'AN', 'Calendar', 1),
       (24, 'AN', 'Calendar', 2),
       (24, 'AN', 'Calendar', 3),
       (24, 'AN', 'Calendar', 4),
       (24, 'AN', 'Calendar', 5),
       (24, 'AN', 'Calendar', 6),
       (24, 'AN', 'Calendar', 7),
       (24, 'AN', 'Calendar', 8),
       (24, 'AN', 'Calendar', 9),
       (24, 'AN', 'Calendar', 10),
       (24, 'AN', 'Calendar', 11),
       (24, 'AN', 'Calendar', 12),
       (24, 'AN', 'Calendar', 13),
       (24, 'AN', 'Calendar', 14),
       (24, 'AN', 'Calendar', 15),
       (24, 'AN', 'Calendar', 16),
       (24, 'AN', 'Calendar', 17),
       (24, 'AN', 'Calendar', 18),
       (24, 'AN', 'Calendar', 19),
       (24, 'AN', 'Household Objects', 2),
       (24, 'AN', 'Toys', 1),
       (24, 'AN', 'Toys', 2),
       (24, 'AN', 'Toys', 3),
       (24, 'AN', 'Toys', 4),
       (24, 'AN', 'Toys', 5),
       (24, 'AN', 'Toys', 6),
       (24, 'AN', 'Toys', 7),
       (24, 'AN', 'Weather', 1),
       (24, 'AN', 'Weather', 4),
       (24, 'AN', 'Weather', 5),
       (24, 'AN', 'Weather', 6),
       (24, 'AN', 'Weather', 7),

       (25, 'AN', 'Alphabet', 1),
       (25, 'AN', 'Alphabet', 2),
       (25, 'AN', 'Alphabet', 3),
       (25, 'AN', 'Alphabet', 4),
       (25, 'AN', 'Alphabet', 5),
       (25, 'AN', 'Alphabet', 6),
       (25, 'AN', 'Alphabet', 7),
       (25, 'AN', 'Alphabet', 8),
       (25, 'AN', 'Alphabet', 9),
       (25, 'AN', 'Alphabet', 10),
       (25, 'AN', 'Alphabet', 11),
       (25, 'AN', 'Alphabet', 12),
       (25, 'AN', 'Alphabet', 13),
       (25, 'AN', 'Alphabet', 14),
       (25, 'AN', 'Alphabet', 15),
       (25, 'AN', 'Alphabet', 16),
       (25, 'AN', 'Alphabet', 17),
       (25, 'AN', 'Alphabet', 18),
       (25, 'AN', 'Alphabet', 19),
       (25, 'AN', 'Alphabet', 20),
       (25, 'AN', 'AN Story Phrases', 25),
       (25, 'AN', 'AN Story Phrases', 26),
       (25, 'AN', 'AN Story Phrases', 27),
       (25, 'AN', 'AN Story Phrases', 28),
       (25, 'AN', 'AN Story Phrases', 29),
       (25, 'AN', 'AN Story Phrases', 30),
       (25, 'AN', 'AN Story Phrases', 31),
       (25, 'AN', 'AN Story Phrases', 32),
       (25, 'AN', 'Animals', 3),
       (25, 'AN', 'Animals', 6),
       (25, 'AN', 'Animals', 7),
       (25, 'AN', 'Animals', 8),
       (25, 'AN', 'Animals', 10),
       (25, 'AN', 'Animals', 11),
       (25, 'AN', 'Animals', 12),
       (25, 'AN', 'Animals', 13),
       (25, 'AN', 'Calendar', 1),
       (25, 'AN', 'Calendar', 2),
       (25, 'AN', 'Calendar', 3),
       (25, 'AN', 'Calendar', 4),
       (25, 'AN', 'Calendar', 5),
       (25, 'AN', 'Calendar', 6),
       (25, 'AN', 'Calendar', 7),
       (25, 'AN', 'Calendar', 8),
       (25, 'AN', 'Calendar', 9),
       (25, 'AN', 'Calendar', 10),
       (25, 'AN', 'Calendar', 11),
       (25, 'AN', 'Calendar', 12),
       (25, 'AN', 'Calendar', 13),
       (25, 'AN', 'Calendar', 14),
       (25, 'AN', 'Calendar', 15),
       (25, 'AN', 'Calendar', 16),
       (25, 'AN', 'Calendar', 17),
       (25, 'AN', 'Calendar', 18),
       (25, 'AN', 'Calendar', 19),
       (25, 'AN', 'Household Objects', 2),
       (25, 'AN', 'Shapes', 1),
       (25, 'AN', 'Shapes', 2),
       (25, 'AN', 'Shapes', 3),
       (25, 'AN', 'Shapes', 4),
       (25, 'AN', 'Shapes', 5),
       (25, 'AN', 'Shapes', 6),
       (25, 'AN', 'Shapes', 7),
       (25, 'AN', 'Shapes', 8),
       (25, 'AN', 'Toys', 1),
       (25, 'AN', 'Toys', 2),
       (25, 'AN', 'Toys', 3),
       (25, 'AN', 'Toys', 4),
       (25, 'AN', 'Toys', 5),
       (25, 'AN', 'Toys', 6),
       (25, 'AN', 'Toys', 7),
       (25, 'AN', 'Weather', 1),
       (25, 'AN', 'Weather', 4),
       (25, 'AN', 'Weather', 5),
       (25, 'AN', 'Weather', 6),
       (25, 'AN', 'Weather', 7),

       (26, 'AN', 'Alphabet', 1),
       (26, 'AN', 'Alphabet', 2),
       (26, 'AN', 'Alphabet', 3),
       (26, 'AN', 'Alphabet', 4),
       (26, 'AN', 'Alphabet', 5),
       (26, 'AN', 'Alphabet', 6),
       (26, 'AN', 'Alphabet', 7),
       (26, 'AN', 'Alphabet', 8),
       (26, 'AN', 'Alphabet', 9),
       (26, 'AN', 'Alphabet', 10),
       (26, 'AN', 'Alphabet', 11),
       (26, 'AN', 'Alphabet', 12),
       (26, 'AN', 'Alphabet', 13),
       (26, 'AN', 'Alphabet', 14),
       (26, 'AN', 'Alphabet', 15),
       (26, 'AN', 'Alphabet', 16),
       (26, 'AN', 'Alphabet', 17),
       (26, 'AN', 'Alphabet', 18),
       (26, 'AN', 'Alphabet', 19),
       (26, 'AN', 'Alphabet', 20),
       (26, 'AN', 'Alphabet', 21),
       (26, 'AN', 'Alphabet', 22),
       (26, 'AN', 'AN Story Phrases', 25),
       (26, 'AN', 'AN Story Phrases', 26),
       (26, 'AN', 'AN Story Phrases', 27),
       (26, 'AN', 'AN Story Phrases', 28),
       (26, 'AN', 'AN Story Phrases', 29),
       (26, 'AN', 'AN Story Phrases', 30),
       (26, 'AN', 'AN Story Phrases', 31),
       (26, 'AN', 'AN Story Phrases', 32),
       (26, 'AN', 'Calendar', 1),
       (26, 'AN', 'Calendar', 2),
       (26, 'AN', 'Calendar', 3),
       (26, 'AN', 'Calendar', 4),
       (26, 'AN', 'Calendar', 5),
       (26, 'AN', 'Calendar', 6),
       (26, 'AN', 'Calendar', 7),
       (26, 'AN', 'Calendar', 8),
       (26, 'AN', 'Calendar', 9),
       (26, 'AN', 'Calendar', 10),
       (26, 'AN', 'Calendar', 11),
       (26, 'AN', 'Calendar', 12),
       (26, 'AN', 'Calendar', 13),
       (26, 'AN', 'Calendar', 14),
       (26, 'AN', 'Calendar', 15),
       (26, 'AN', 'Calendar', 16),
       (26, 'AN', 'Calendar', 17),
       (26, 'AN', 'Calendar', 18),
       (26, 'AN', 'Calendar', 19),
       (26, 'AN', 'Household Objects', 2),
       (26, 'AN', 'Opposites', 1),
       (26, 'AN', 'Opposites', 2),
       (26, 'AN', 'Opposites', 3),
       (26, 'AN', 'Opposites', 4),
       (26, 'AN', 'Opposites', 5),
       (26, 'AN', 'Opposites', 6),
       (26, 'AN', 'Opposites', 7),
       (26, 'AN', 'Opposites', 8),
       (26, 'AN', 'Shapes', 1),
       (26, 'AN', 'Shapes', 2),
       (26, 'AN', 'Shapes', 3),
       (26, 'AN', 'Shapes', 4),
       (26, 'AN', 'Shapes', 5),
       (26, 'AN', 'Shapes', 6),
       (26, 'AN', 'Shapes', 7),
       (26, 'AN', 'Shapes', 8),
       (26, 'AN', 'Toys', 1),
       (26, 'AN', 'Toys', 2),
       (26, 'AN', 'Toys', 3),
       (26, 'AN', 'Toys', 4),
       (26, 'AN', 'Toys', 5),
       (26, 'AN', 'Toys', 6),
       (26, 'AN', 'Toys', 7),
       (26, 'AN', 'Weather', 1),
       (26, 'AN', 'Weather', 4),
       (26, 'AN', 'Weather', 5),
       (26, 'AN', 'Weather', 6),
       (26, 'AN', 'Weather', 7),

       (27, 'AN', 'Alphabet', 1),
       (27, 'AN', 'Alphabet', 2),
       (27, 'AN', 'Alphabet', 3),
       (27, 'AN', 'Alphabet', 4),
       (27, 'AN', 'Alphabet', 5),
       (27, 'AN', 'Alphabet', 6),
       (27, 'AN', 'Alphabet', 7),
       (27, 'AN', 'Alphabet', 8),
       (27, 'AN', 'Alphabet', 9),
       (27, 'AN', 'Alphabet', 10),
       (27, 'AN', 'Alphabet', 11),
       (27, 'AN', 'Alphabet', 12),
       (27, 'AN', 'Alphabet', 13),
       (27, 'AN', 'Alphabet', 14),
       (27, 'AN', 'Alphabet', 15),
       (27, 'AN', 'Alphabet', 16),
       (27, 'AN', 'Alphabet', 17),
       (27, 'AN', 'Alphabet', 18),
       (27, 'AN', 'Alphabet', 19),
       (27, 'AN', 'Alphabet', 20),
       (27, 'AN', 'Alphabet', 21),
       (27, 'AN', 'Alphabet', 22),
       (27, 'AN', 'Alphabet', 23),
       (27, 'AN', 'Alphabet', 24),
       (27, 'AN', 'AN Story Phrases', 25),
       (27, 'AN', 'AN Story Phrases', 26),
       (27, 'AN', 'AN Story Phrases', 27),
       (27, 'AN', 'AN Story Phrases', 28),
       (27, 'AN', 'AN Story Phrases', 29),
       (27, 'AN', 'AN Story Phrases', 30),
       (27, 'AN', 'AN Story Phrases', 31),
       (27, 'AN', 'AN Story Phrases', 32),
       (27, 'AN', 'Calendar', 1),
       (27, 'AN', 'Calendar', 2),
       (27, 'AN', 'Calendar', 3),
       (27, 'AN', 'Calendar', 4),
       (27, 'AN', 'Calendar', 5),
       (27, 'AN', 'Calendar', 6),
       (27, 'AN', 'Calendar', 7),
       (27, 'AN', 'Calendar', 8),
       (27, 'AN', 'Calendar', 9),
       (27, 'AN', 'Calendar', 10),
       (27, 'AN', 'Calendar', 11),
       (27, 'AN', 'Calendar', 12),
       (27, 'AN', 'Calendar', 13),
       (27, 'AN', 'Calendar', 14),
       (27, 'AN', 'Calendar', 15),
       (27, 'AN', 'Calendar', 16),
       (27, 'AN', 'Calendar', 17),
       (27, 'AN', 'Calendar', 18),
       (27, 'AN', 'Calendar', 19),
       (27, 'AN', 'Household Objects', 2),
       (27, 'AN', 'Opposites', 1),
       (27, 'AN', 'Opposites', 2),
       (27, 'AN', 'Opposites', 3),
       (27, 'AN', 'Opposites', 4),
       (27, 'AN', 'Opposites', 5),
       (27, 'AN', 'Opposites', 6),
       (27, 'AN', 'Opposites', 7),
       (27, 'AN', 'Opposites', 8),
       (27, 'AN', 'Toys', 1),
       (27, 'AN', 'Toys', 2),
       (27, 'AN', 'Toys', 3),
       (27, 'AN', 'Toys', 4),
       (27, 'AN', 'Toys', 5),
       (27, 'AN', 'Toys', 6),
       (27, 'AN', 'Toys', 7),
       (27, 'AN', 'Verbs', 1),
       (27, 'AN', 'Verbs', 2),
       (27, 'AN', 'Verbs', 3),
       (27, 'AN', 'Verbs', 4),
       (27, 'AN', 'Verbs', 5),
       (27, 'AN', 'Verbs', 6),
       (27, 'AN', 'Verbs', 7),
       (27, 'AN', 'Verbs', 8),
       (27, 'AN', 'Weather', 1),
       (27, 'AN', 'Weather', 4),
       (27, 'AN', 'Weather', 5),
       (27, 'AN', 'Weather', 6),
       (27, 'AN', 'Weather', 7),

       (28, 'AN', 'Alphabet', 1),
       (28, 'AN', 'Alphabet', 2),
       (28, 'AN', 'Alphabet', 3),
       (28, 'AN', 'Alphabet', 4),
       (28, 'AN', 'Alphabet', 5),
       (28, 'AN', 'Alphabet', 6),
       (28, 'AN', 'Alphabet', 7),
       (28, 'AN', 'Alphabet', 8),
       (28, 'AN', 'Alphabet', 9),
       (28, 'AN', 'Alphabet', 10),
       (28, 'AN', 'Alphabet', 11),
       (28, 'AN', 'Alphabet', 12),
       (28, 'AN', 'Alphabet', 13),
       (28, 'AN', 'Alphabet', 14),
       (28, 'AN', 'Alphabet', 15),
       (28, 'AN', 'Alphabet', 16),
       (28, 'AN', 'Alphabet', 17),
       (28, 'AN', 'Alphabet', 18),
       (28, 'AN', 'Alphabet', 19),
       (28, 'AN', 'Alphabet', 20),
       (28, 'AN', 'Alphabet', 21),
       (28, 'AN', 'Alphabet', 22),
       (28, 'AN', 'Alphabet', 23),
       (28, 'AN', 'Alphabet', 24),
       (28, 'AN', 'Alphabet', 25),
       (28, 'AN', 'Alphabet', 26),
       (28, 'AN', 'AN Story Phrases', 25),
       (28, 'AN', 'AN Story Phrases', 26),
       (28, 'AN', 'AN Story Phrases', 27),
       (28, 'AN', 'AN Story Phrases', 28),
       (28, 'AN', 'AN Story Phrases', 29),
       (28, 'AN', 'AN Story Phrases', 30),
       (28, 'AN', 'AN Story Phrases', 31),
       (28, 'AN', 'AN Story Phrases', 32),
       (28, 'AN', 'Animals', 3),
       (28, 'AN', 'Animals', 6),
       (28, 'AN', 'Animals', 7),
       (28, 'AN', 'Animals', 8),
       (28, 'AN', 'Animals', 10),
       (28, 'AN', 'Animals', 11),
       (28, 'AN', 'Animals', 12),
       (28, 'AN', 'Animals', 13),
       (28, 'AN', 'Calendar', 1),
       (28, 'AN', 'Calendar', 2),
       (28, 'AN', 'Calendar', 3),
       (28, 'AN', 'Calendar', 4),
       (28, 'AN', 'Calendar', 5),
       (28, 'AN', 'Calendar', 6),
       (28, 'AN', 'Calendar', 7),
       (28, 'AN', 'Calendar', 8),
       (28, 'AN', 'Calendar', 9),
       (28, 'AN', 'Calendar', 10),
       (28, 'AN', 'Calendar', 11),
       (28, 'AN', 'Calendar', 12),
       (28, 'AN', 'Calendar', 13),
       (28, 'AN', 'Calendar', 14),
       (28, 'AN', 'Calendar', 15),
       (28, 'AN', 'Calendar', 16),
       (28, 'AN', 'Calendar', 17),
       (28, 'AN', 'Calendar', 18),
       (28, 'AN', 'Calendar', 19),
       (28, 'AN', 'Household Objects', 2),
       (28, 'AN', 'Opposites', 1),
       (28, 'AN', 'Opposites', 2),
       (28, 'AN', 'Opposites', 3),
       (28, 'AN', 'Opposites', 4),
       (28, 'AN', 'Opposites', 5),
       (28, 'AN', 'Opposites', 6),
       (28, 'AN', 'Opposites', 7),
       (28, 'AN', 'Opposites', 8),
       (28, 'AN', 'Shapes', 1),
       (28, 'AN', 'Shapes', 2),
       (28, 'AN', 'Shapes', 3),
       (28, 'AN', 'Shapes', 4),
       (28, 'AN', 'Shapes', 5),
       (28, 'AN', 'Shapes', 6),
       (28, 'AN', 'Shapes', 7),
       (28, 'AN', 'Shapes', 8),
       (28, 'AN', 'Toys', 1),
       (28, 'AN', 'Toys', 2),
       (28, 'AN', 'Toys', 3),
       (28, 'AN', 'Toys', 4),
       (28, 'AN', 'Toys', 5),
       (28, 'AN', 'Toys', 6),
       (28, 'AN', 'Toys', 7),
       (28, 'AN', 'Verbs', 1),
       (28, 'AN', 'Verbs', 2),
       (28, 'AN', 'Verbs', 3),
       (28, 'AN', 'Verbs', 4),
       (28, 'AN', 'Verbs', 5),
       (28, 'AN', 'Verbs', 6),
       (28, 'AN', 'Verbs', 7),
       (28, 'AN', 'Verbs', 8),
       (28, 'AN', 'Weather', 1),
       (28, 'AN', 'Weather', 4),
       (28, 'AN', 'Weather', 5),
       (28, 'AN', 'Weather', 6),
       (28, 'AN', 'Weather', 7),

       (29, 'AN', 'Alphabet', 1),
       (29, 'AN', 'Alphabet', 2),
       (29, 'AN', 'Alphabet', 3),
       (29, 'AN', 'Alphabet', 4),
       (29, 'AN', 'Alphabet', 5),
       (29, 'AN', 'Alphabet', 6),
       (29, 'AN', 'Alphabet', 7),
       (29, 'AN', 'Alphabet', 8),
       (29, 'AN', 'Alphabet', 9),
       (29, 'AN', 'Alphabet', 10),
       (29, 'AN', 'Alphabet', 11),
       (29, 'AN', 'Alphabet', 12),
       (29, 'AN', 'Alphabet', 13),
       (29, 'AN', 'Alphabet', 14),
       (29, 'AN', 'Alphabet', 15),
       (29, 'AN', 'Alphabet', 16),
       (29, 'AN', 'Alphabet', 17),
       (29, 'AN', 'Alphabet', 18),
       (29, 'AN', 'Alphabet', 19),
       (29, 'AN', 'Alphabet', 20),
       (29, 'AN', 'Alphabet', 21),
       (29, 'AN', 'Alphabet', 22),
       (29, 'AN', 'Alphabet', 23),
       (29, 'AN', 'Alphabet', 24),
       (29, 'AN', 'Alphabet', 25),
       (29, 'AN', 'Alphabet', 26),
       (29, 'AN', 'AN Story Phrases', 25),
       (29, 'AN', 'AN Story Phrases', 26),
       (29, 'AN', 'AN Story Phrases', 27),
       (29, 'AN', 'AN Story Phrases', 28),
       (29, 'AN', 'AN Story Phrases', 29),
       (29, 'AN', 'AN Story Phrases', 30),
       (29, 'AN', 'AN Story Phrases', 31),
       (29, 'AN', 'AN Story Phrases', 32),
       (29, 'AN', 'Animals', 3),
       (29, 'AN', 'Animals', 6),
       (29, 'AN', 'Animals', 7),
       (29, 'AN', 'Animals', 8),
       (29, 'AN', 'Animals', 10),
       (29, 'AN', 'Animals', 11),
       (29, 'AN', 'Animals', 12),
       (29, 'AN', 'Animals', 13),
       (29, 'AN', 'Calendar', 1),
       (29, 'AN', 'Calendar', 2),
       (29, 'AN', 'Calendar', 3),
       (29, 'AN', 'Calendar', 4),
       (29, 'AN', 'Calendar', 5),
       (29, 'AN', 'Calendar', 6),
       (29, 'AN', 'Calendar', 7),
       (29, 'AN', 'Calendar', 8),
       (29, 'AN', 'Calendar', 9),
       (29, 'AN', 'Calendar', 10),
       (29, 'AN', 'Calendar', 11),
       (29, 'AN', 'Calendar', 12),
       (29, 'AN', 'Calendar', 13),
       (29, 'AN', 'Calendar', 14),
       (29, 'AN', 'Calendar', 15),
       (29, 'AN', 'Calendar', 16),
       (29, 'AN', 'Calendar', 17),
       (29, 'AN', 'Calendar', 18),
       (29, 'AN', 'Calendar', 19),
       (29, 'AN', 'Household Objects', 2),
       (29, 'AN', 'Opposites', 1),
       (29, 'AN', 'Opposites', 2),
       (29, 'AN', 'Opposites', 3),
       (29, 'AN', 'Opposites', 4),
       (29, 'AN', 'Opposites', 5),
       (29, 'AN', 'Opposites', 6),
       (29, 'AN', 'Opposites', 7),
       (29, 'AN', 'Opposites', 8),
       (29, 'AN', 'Shapes', 1),
       (29, 'AN', 'Shapes', 2),
       (29, 'AN', 'Shapes', 3),
       (29, 'AN', 'Shapes', 4),
       (29, 'AN', 'Shapes', 5),
       (29, 'AN', 'Shapes', 6),
       (29, 'AN', 'Shapes', 7),
       (29, 'AN', 'Shapes', 8),
       (29, 'AN', 'Toys', 1),
       (29, 'AN', 'Toys', 2),
       (29, 'AN', 'Toys', 3),
       (29, 'AN', 'Toys', 4),
       (29, 'AN', 'Toys', 5),
       (29, 'AN', 'Toys', 6),
       (29, 'AN', 'Toys', 7),
       (29, 'AN', 'Verbs', 1),
       (29, 'AN', 'Verbs', 2),
       (29, 'AN', 'Verbs', 3),
       (29, 'AN', 'Verbs', 4),
       (29, 'AN', 'Verbs', 5),
       (29, 'AN', 'Verbs', 6),
       (29, 'AN', 'Verbs', 7),
       (29, 'AN', 'Verbs', 8),
       (29, 'AN', 'Weather', 1),
       (29, 'AN', 'Weather', 4),
       (29, 'AN', 'Weather', 5),
       (29, 'AN', 'Weather', 6),
       (29, 'AN', 'Weather', 7),

       (30, 'AN', 'Alphabet', 1),
       (30, 'AN', 'Alphabet', 2),
       (30, 'AN', 'Alphabet', 3),
       (30, 'AN', 'Alphabet', 4),
       (30, 'AN', 'Alphabet', 5),
       (30, 'AN', 'Alphabet', 6),
       (30, 'AN', 'Alphabet', 7),
       (30, 'AN', 'Alphabet', 8),
       (30, 'AN', 'Alphabet', 9),
       (30, 'AN', 'Alphabet', 10),
       (30, 'AN', 'Alphabet', 11),
       (30, 'AN', 'Alphabet', 12),
       (30, 'AN', 'Alphabet', 13),
       (30, 'AN', 'Alphabet', 14),
       (30, 'AN', 'Alphabet', 15),
       (30, 'AN', 'Alphabet', 16),
       (30, 'AN', 'Alphabet', 17),
       (30, 'AN', 'Alphabet', 18),
       (30, 'AN', 'Alphabet', 19),
       (30, 'AN', 'Alphabet', 20),
       (30, 'AN', 'Alphabet', 21),
       (30, 'AN', 'Alphabet', 22),
       (30, 'AN', 'Alphabet', 23),
       (30, 'AN', 'Alphabet', 24),
       (30, 'AN', 'Alphabet', 25),
       (30, 'AN', 'Alphabet', 26),
       (30, 'AN', 'AN Story Phrases', 17),
       (30, 'AN', 'AN Story Phrases', 18),
       (30, 'AN', 'AN Story Phrases', 19),
       (30, 'AN', 'AN Story Phrases', 20),
       (30, 'AN', 'AN Story Phrases', 21),
       (30, 'AN', 'AN Story Phrases', 22),
       (30, 'AN', 'AN Story Phrases', 23),
       (30, 'AN', 'AN Story Phrases', 24),
       (30, 'AN', 'AN Story Phrases', 25),
       (30, 'AN', 'AN Story Phrases', 26),
       (30, 'AN', 'AN Story Phrases', 27),
       (30, 'AN', 'AN Story Phrases', 28),
       (30, 'AN', 'AN Story Phrases', 29),
       (30, 'AN', 'AN Story Phrases', 30),
       (30, 'AN', 'AN Story Phrases', 31),
       (30, 'AN', 'AN Story Phrases', 32),
       (30, 'AN', 'Animals', 3),
       (30, 'AN', 'Animals', 6),
       (30, 'AN', 'Animals', 7),
       (30, 'AN', 'Animals', 8),
       (30, 'AN', 'Animals', 10),
       (30, 'AN', 'Animals', 11),
       (30, 'AN', 'Animals', 12),
       (30, 'AN', 'Animals', 13),
       (30, 'AN', 'Calendar', 1),
       (30, 'AN', 'Calendar', 2),
       (30, 'AN', 'Calendar', 3),
       (30, 'AN', 'Calendar', 4),
       (30, 'AN', 'Calendar', 5),
       (30, 'AN', 'Calendar', 6),
       (30, 'AN', 'Calendar', 7),
       (30, 'AN', 'Calendar', 8),
       (30, 'AN', 'Calendar', 9),
       (30, 'AN', 'Calendar', 10),
       (30, 'AN', 'Calendar', 11),
       (30, 'AN', 'Calendar', 12),
       (30, 'AN', 'Calendar', 13),
       (30, 'AN', 'Calendar', 14),
       (30, 'AN', 'Calendar', 15),
       (30, 'AN', 'Calendar', 16),
       (30, 'AN', 'Calendar', 17),
       (30, 'AN', 'Calendar', 18),
       (30, 'AN', 'Calendar', 19),
       (30, 'AN', 'Household Objects', 1),
       (30, 'AN', 'Household Objects', 2),
       (30, 'AN', 'Household Objects', 3),
       (30, 'AN', 'Household Objects', 4),
       (30, 'AN', 'Household Objects', 5),
       (30, 'AN', 'Household Objects', 6),
       (30, 'AN', 'Household Objects', 8),
       (30, 'AN', 'Household Objects', 9),
       (30, 'AN', 'Household Objects', 10),
       (30, 'AN', 'Opposites', 1),
       (30, 'AN', 'Opposites', 2),
       (30, 'AN', 'Opposites', 3),
       (30, 'AN', 'Opposites', 4),
       (30, 'AN', 'Opposites', 5),
       (30, 'AN', 'Opposites', 6),
       (30, 'AN', 'Opposites', 7),
       (30, 'AN', 'Opposites', 8),
       (30, 'AN', 'Shapes', 1),
       (30, 'AN', 'Shapes', 2),
       (30, 'AN', 'Shapes', 3),
       (30, 'AN', 'Shapes', 4),
       (30, 'AN', 'Shapes', 5),
       (30, 'AN', 'Shapes', 6),
       (30, 'AN', 'Shapes', 7),
       (30, 'AN', 'Shapes', 8),
       (30, 'AN', 'Time', 1),
       (30, 'AN', 'Time', 2),
       (30, 'AN', 'Time', 3),
       (30, 'AN', 'Time', 4),
       (30, 'AN', 'Time', 5),
       (30, 'AN', 'Time', 6),
       (30, 'AN', 'Time', 7),
       (30, 'AN', 'Time', 8),
       (30, 'AN', 'Time', 9),
       (30, 'AN', 'Time', 10),
       (30, 'AN', 'Time', 11),
       (30, 'AN', 'Time', 12),
       (30, 'AN', 'Toys', 1),
       (30, 'AN', 'Toys', 2),
       (30, 'AN', 'Toys', 3),
       (30, 'AN', 'Toys', 4),
       (30, 'AN', 'Toys', 5),
       (30, 'AN', 'Toys', 6),
       (30, 'AN', 'Toys', 7),
       (30, 'AN', 'Verbs', 1),
       (30, 'AN', 'Verbs', 2),
       (30, 'AN', 'Verbs', 3),
       (30, 'AN', 'Verbs', 4),
       (30, 'AN', 'Verbs', 5),
       (30, 'AN', 'Verbs', 6),
       (30, 'AN', 'Verbs', 7),
       (30, 'AN', 'Verbs', 8),
       (30, 'AN', 'Weather', 1),
       (30, 'AN', 'Weather', 2),
       (30, 'AN', 'Weather', 3),
       (30, 'AN', 'Weather', 4),
       (30, 'AN', 'Weather', 5),
       (30, 'AN', 'Weather', 6),
       (30, 'AN', 'Weather', 7),

       (31, 'AN', 'Alphabet', 1),
       (31, 'AN', 'Alphabet', 2),
       (31, 'AN', 'Alphabet', 3),
       (31, 'AN', 'Alphabet', 4),
       (31, 'AN', 'Alphabet', 27),
       (31, 'AN', 'Alphabet', 28),
       (31, 'AN', 'Alphabet', 29),
       (31, 'AN', 'Alphabet', 30),
       (31, 'AN', 'AN Story Phrases', 33),
       (31, 'AN', 'AN Story Phrases', 34),
       (31, 'AN', 'AN Story Phrases', 35),
       (31, 'AN', 'AN Story Phrases', 36),
       (31, 'AN', 'AN Story Phrases', 37),
       (31, 'AN', 'AN Story Phrases', 38),
       (31, 'AN', 'AN Story Phrases', 39),
       (31, 'AN', 'AN Story Phrases', 40),
       (31, 'AN', 'Calendar', 1),
       (31, 'AN', 'Calendar', 2),
       (31, 'AN', 'Calendar', 3),
       (31, 'AN', 'Calendar', 4),
       (31, 'AN', 'Calendar', 5),
       (31, 'AN', 'Calendar', 6),
       (31, 'AN', 'Calendar', 7),
       (31, 'AN', 'Calendar', 8),
       (31, 'AN', 'Calendar', 9),
       (31, 'AN', 'Calendar', 10),
       (31, 'AN', 'Calendar', 11),
       (31, 'AN', 'Calendar', 12),
       (31, 'AN', 'Calendar', 13),
       (31, 'AN', 'Calendar', 14),
       (31, 'AN', 'Calendar', 15),
       (31, 'AN', 'Calendar', 16),
       (31, 'AN', 'Calendar', 17),
       (31, 'AN', 'Calendar', 18),
       (31, 'AN', 'Calendar', 19),
       (31, 'AN', 'Weather', 1),
       (31, 'AN', 'Weather', 4),
       (31, 'AN', 'Weather', 5),
       (31, 'AN', 'Weather', 6),
       (31, 'AN', 'Weather', 7),

       (32, 'AN', 'Alphabet', 5),
       (32, 'AN', 'Alphabet', 6),
       (32, 'AN', 'Alphabet', 7),
       (32, 'AN', 'Alphabet', 8),
       (32, 'AN', 'Alphabet', 31),
       (32, 'AN', 'Alphabet', 32),
       (32, 'AN', 'Alphabet', 33),
       (32, 'AN', 'Alphabet', 34),
       (32, 'AN', 'AN Story Phrases', 33),
       (32, 'AN', 'AN Story Phrases', 34),
       (32, 'AN', 'AN Story Phrases', 35),
       (32, 'AN', 'AN Story Phrases', 36),
       (32, 'AN', 'AN Story Phrases', 37),
       (32, 'AN', 'AN Story Phrases', 38),
       (32, 'AN', 'AN Story Phrases', 39),
       (32, 'AN', 'AN Story Phrases', 40),
       (32, 'AN', 'Calendar', 1),
       (32, 'AN', 'Calendar', 2),
       (32, 'AN', 'Calendar', 3),
       (32, 'AN', 'Calendar', 4),
       (32, 'AN', 'Calendar', 5),
       (32, 'AN', 'Calendar', 6),
       (32, 'AN', 'Calendar', 7),
       (32, 'AN', 'Calendar', 8),
       (32, 'AN', 'Calendar', 9),
       (32, 'AN', 'Calendar', 10),
       (32, 'AN', 'Calendar', 11),
       (32, 'AN', 'Calendar', 12),
       (32, 'AN', 'Calendar', 13),
       (32, 'AN', 'Calendar', 14),
       (32, 'AN', 'Calendar', 15),
       (32, 'AN', 'Calendar', 16),
       (32, 'AN', 'Calendar', 17),
       (32, 'AN', 'Calendar', 18),
       (32, 'AN', 'Calendar', 19),
       (32, 'AN', 'Food', 2),
       (32, 'AN', 'Food', 3),
       (32, 'AN', 'Food', 4),
       (32, 'AN', 'Food', 9),
       (32, 'AN', 'Food', 13),
       (32, 'AN', 'Food', 15),
       (32, 'AN', 'Food', 21),
       (32, 'AN', 'Food', 27),
       (32, 'AN', 'Weather', 1),
       (32, 'AN', 'Weather', 4),
       (32, 'AN', 'Weather', 5),
       (32, 'AN', 'Weather', 6),
       (32, 'AN', 'Weather', 7),

       (33, 'AN', 'Alphabet', 9),
       (33, 'AN', 'Alphabet', 10),
       (33, 'AN', 'Alphabet', 11),
       (33, 'AN', 'Alphabet', 12),
       (33, 'AN', 'Alphabet', 35),
       (33, 'AN', 'Alphabet', 36),
       (33, 'AN', 'Alphabet', 37),
       (33, 'AN', 'Alphabet', 38),
       (33, 'AN', 'AN Story Phrases', 33),
       (33, 'AN', 'AN Story Phrases', 34),
       (33, 'AN', 'AN Story Phrases', 35),
       (33, 'AN', 'AN Story Phrases', 36),
       (33, 'AN', 'AN Story Phrases', 37),
       (33, 'AN', 'AN Story Phrases', 38),
       (33, 'AN', 'AN Story Phrases', 39),
       (33, 'AN', 'AN Story Phrases', 40),
       (33, 'AN', 'Calendar', 1),
       (33, 'AN', 'Calendar', 2),
       (33, 'AN', 'Calendar', 3),
       (33, 'AN', 'Calendar', 4),
       (33, 'AN', 'Calendar', 5),
       (33, 'AN', 'Calendar', 6),
       (33, 'AN', 'Calendar', 7),
       (33, 'AN', 'Calendar', 8),
       (33, 'AN', 'Calendar', 9),
       (33, 'AN', 'Calendar', 10),
       (33, 'AN', 'Calendar', 11),
       (33, 'AN', 'Calendar', 12),
       (33, 'AN', 'Calendar', 13),
       (33, 'AN', 'Calendar', 14),
       (33, 'AN', 'Calendar', 15),
       (33, 'AN', 'Calendar', 16),
       (33, 'AN', 'Calendar', 17),
       (33, 'AN', 'Calendar', 18),
       (33, 'AN', 'Calendar', 19),
       (33, 'AN', 'Food', 2),
       (33, 'AN', 'Food', 3),
       (33, 'AN', 'Food', 4),
       (33, 'AN', 'Food', 9),
       (33, 'AN', 'Food', 13),
       (33, 'AN', 'Food', 15),
       (33, 'AN', 'Food', 21),
       (33, 'AN', 'Food', 27),
       (33, 'AN', 'Prepositions', 1),
       (33, 'AN', 'Prepositions', 2),
       (33, 'AN', 'Prepositions', 3),
       (33, 'AN', 'Prepositions', 4),
       (33, 'AN', 'Weather', 1),
       (33, 'AN', 'Weather', 4),
       (33, 'AN', 'Weather', 5),
       (33, 'AN', 'Weather', 6),
       (33, 'AN', 'Weather', 7),

       (34, 'AN', 'Alphabet', 13),
       (34, 'AN', 'Alphabet', 14),
       (34, 'AN', 'Alphabet', 15),
       (34, 'AN', 'Alphabet', 16),
       (34, 'AN', 'Alphabet', 39),
       (34, 'AN', 'Alphabet', 40),
       (34, 'AN', 'Alphabet', 41),
       (34, 'AN', 'Alphabet', 42),
       (34, 'AN', 'AN Story Phrases', 33),
       (34, 'AN', 'AN Story Phrases', 34),
       (34, 'AN', 'AN Story Phrases', 35),
       (34, 'AN', 'AN Story Phrases', 36),
       (34, 'AN', 'AN Story Phrases', 37),
       (34, 'AN', 'AN Story Phrases', 38),
       (34, 'AN', 'AN Story Phrases', 39),
       (34, 'AN', 'AN Story Phrases', 40),
       (34, 'AN', 'Calendar', 1),
       (34, 'AN', 'Calendar', 2),
       (34, 'AN', 'Calendar', 3),
       (34, 'AN', 'Calendar', 4),
       (34, 'AN', 'Calendar', 5),
       (34, 'AN', 'Calendar', 6),
       (34, 'AN', 'Calendar', 7),
       (34, 'AN', 'Calendar', 8),
       (34, 'AN', 'Calendar', 9),
       (34, 'AN', 'Calendar', 10),
       (34, 'AN', 'Calendar', 11),
       (34, 'AN', 'Calendar', 12),
       (34, 'AN', 'Calendar', 13),
       (34, 'AN', 'Calendar', 14),
       (34, 'AN', 'Calendar', 15),
       (34, 'AN', 'Calendar', 16),
       (34, 'AN', 'Calendar', 17),
       (34, 'AN', 'Calendar', 18),
       (34, 'AN', 'Calendar', 19),
       (34, 'AN', 'Prepositions', 1),
       (34, 'AN', 'Prepositions', 2),
       (34, 'AN', 'Prepositions', 3),
       (34, 'AN', 'Prepositions', 4),
       (34, 'AN', 'Supermarket Objects', 1),
       (34, 'AN', 'Supermarket Objects', 2),
       (34, 'AN', 'Supermarket Objects', 3),
       (34, 'AN', 'Supermarket Objects', 4),
       (34, 'AN', 'Supermarket Objects', 5),
       (34, 'AN', 'Supermarket Objects', 6),
       (34, 'AN', 'Supermarket Objects', 7),
       (34, 'AN', 'Weather', 1),
       (34, 'AN', 'Weather', 4),
       (34, 'AN', 'Weather', 5),
       (34, 'AN', 'Weather', 6),
       (34, 'AN', 'Weather', 7),

       (35, 'AN', 'Alphabet', 17),
       (35, 'AN', 'Alphabet', 18),
       (35, 'AN', 'Alphabet', 19),
       (35, 'AN', 'Alphabet', 20),
       (35, 'AN', 'Alphabet', 43),
       (35, 'AN', 'Alphabet', 44),
       (35, 'AN', 'Alphabet', 45),
       (35, 'AN', 'Alphabet', 46),
       (35, 'AN', 'AN Story Phrases', 33),
       (35, 'AN', 'AN Story Phrases', 34),
       (35, 'AN', 'AN Story Phrases', 35),
       (35, 'AN', 'AN Story Phrases', 36),
       (35, 'AN', 'AN Story Phrases', 37),
       (35, 'AN', 'AN Story Phrases', 38),
       (35, 'AN', 'AN Story Phrases', 39),
       (35, 'AN', 'AN Story Phrases', 40),
       (35, 'AN', 'Calendar', 1),
       (35, 'AN', 'Calendar', 2),
       (35, 'AN', 'Calendar', 3),
       (35, 'AN', 'Calendar', 4),
       (35, 'AN', 'Calendar', 5),
       (35, 'AN', 'Calendar', 6),
       (35, 'AN', 'Calendar', 7),
       (35, 'AN', 'Calendar', 8),
       (35, 'AN', 'Calendar', 9),
       (35, 'AN', 'Calendar', 10),
       (35, 'AN', 'Calendar', 11),
       (35, 'AN', 'Calendar', 12),
       (35, 'AN', 'Calendar', 13),
       (35, 'AN', 'Calendar', 14),
       (35, 'AN', 'Calendar', 15),
       (35, 'AN', 'Calendar', 16),
       (35, 'AN', 'Calendar', 17),
       (35, 'AN', 'Calendar', 18),
       (35, 'AN', 'Calendar', 19),
       (35, 'AN', 'Numbers', 1),
       (35, 'AN', 'Numbers', 2),
       (35, 'AN', 'Numbers', 3),
       (35, 'AN', 'Numbers', 4),
       (35, 'AN', 'Numbers', 5),
       (35, 'AN', 'Numbers', 6),
       (35, 'AN', 'Numbers', 7),
       (35, 'AN', 'Numbers', 8),
       (35, 'AN', 'Numbers', 9),
       (35, 'AN', 'Numbers', 10),
       (35, 'AN', 'Numbers', 11),
       (35, 'AN', 'Numbers', 12),
       (35, 'AN', 'Numbers', 13),
       (35, 'AN', 'Numbers', 14),
       (35, 'AN', 'Numbers', 15),
       (35, 'AN', 'Numbers', 16),
       (35, 'AN', 'Numbers', 17),
       (35, 'AN', 'Numbers', 18),
       (35, 'AN', 'Numbers', 19),
       (35, 'AN', 'Numbers', 20),
       (35, 'AN', 'Supermarket Objects', 1),
       (35, 'AN', 'Supermarket Objects', 2),
       (35, 'AN', 'Supermarket Objects', 3),
       (35, 'AN', 'Supermarket Objects', 4),
       (35, 'AN', 'Supermarket Objects', 5),
       (35, 'AN', 'Supermarket Objects', 6),
       (35, 'AN', 'Supermarket Objects', 7),
       (35, 'AN', 'Weather', 1),
       (35, 'AN', 'Weather', 4),
       (35, 'AN', 'Weather', 5),
       (35, 'AN', 'Weather', 6),
       (35, 'AN', 'Weather', 7),

       (36, 'AN', 'Alphabet', 21),
       (36, 'AN', 'Alphabet', 22),
       (36, 'AN', 'Alphabet', 23),
       (36, 'AN', 'Alphabet', 24),
       (36, 'AN', 'Alphabet', 47),
       (36, 'AN', 'Alphabet', 48),
       (36, 'AN', 'Alphabet', 49),
       (36, 'AN', 'Alphabet', 50),
       (36, 'AN', 'AN Story Phrases', 33),
       (36, 'AN', 'AN Story Phrases', 34),
       (36, 'AN', 'AN Story Phrases', 35),
       (36, 'AN', 'AN Story Phrases', 36),
       (36, 'AN', 'AN Story Phrases', 37),
       (36, 'AN', 'AN Story Phrases', 38),
       (36, 'AN', 'AN Story Phrases', 39),
       (36, 'AN', 'AN Story Phrases', 40),
       (36, 'AN', 'Calendar', 1),
       (36, 'AN', 'Calendar', 2),
       (36, 'AN', 'Calendar', 3),
       (36, 'AN', 'Calendar', 4),
       (36, 'AN', 'Calendar', 5),
       (36, 'AN', 'Calendar', 6),
       (36, 'AN', 'Calendar', 7),
       (36, 'AN', 'Calendar', 8),
       (36, 'AN', 'Calendar', 9),
       (36, 'AN', 'Calendar', 10),
       (36, 'AN', 'Calendar', 11),
       (36, 'AN', 'Calendar', 12),
       (36, 'AN', 'Calendar', 13),
       (36, 'AN', 'Calendar', 14),
       (36, 'AN', 'Calendar', 15),
       (36, 'AN', 'Calendar', 16),
       (36, 'AN', 'Calendar', 17),
       (36, 'AN', 'Calendar', 18),
       (36, 'AN', 'Calendar', 19),
       (36, 'AN', 'Food', 2),
       (36, 'AN', 'Food', 3),
       (36, 'AN', 'Food', 4),
       (36, 'AN', 'Food', 9),
       (36, 'AN', 'Food', 13),
       (36, 'AN', 'Food', 15),
       (36, 'AN', 'Food', 21),
       (36, 'AN', 'Food', 27),
       (36, 'AN', 'Numbers', 1),
       (36, 'AN', 'Numbers', 2),
       (36, 'AN', 'Numbers', 3),
       (36, 'AN', 'Numbers', 4),
       (36, 'AN', 'Numbers', 5),
       (36, 'AN', 'Numbers', 6),
       (36, 'AN', 'Numbers', 7),
       (36, 'AN', 'Numbers', 8),
       (36, 'AN', 'Numbers', 9),
       (36, 'AN', 'Numbers', 10),
       (36, 'AN', 'Numbers', 11),
       (36, 'AN', 'Numbers', 12),
       (36, 'AN', 'Numbers', 13),
       (36, 'AN', 'Numbers', 14),
       (36, 'AN', 'Numbers', 15),
       (36, 'AN', 'Numbers', 16),
       (36, 'AN', 'Numbers', 17),
       (36, 'AN', 'Numbers', 18),
       (36, 'AN', 'Numbers', 19),
       (36, 'AN', 'Numbers', 20),
       (36, 'AN', 'Prepositions', 1),
       (36, 'AN', 'Prepositions', 2),
       (36, 'AN', 'Prepositions', 3),
       (36, 'AN', 'Prepositions', 4),
       (36, 'AN', 'Supermarket Objects', 1),
       (36, 'AN', 'Supermarket Objects', 2),
       (36, 'AN', 'Supermarket Objects', 3),
       (36, 'AN', 'Supermarket Objects', 4),
       (36, 'AN', 'Supermarket Objects', 5),
       (36, 'AN', 'Supermarket Objects', 6),
       (36, 'AN', 'Supermarket Objects', 7),
       (36, 'AN', 'Weather', 1),
       (36, 'AN', 'Weather', 4),
       (36, 'AN', 'Weather', 5),
       (36, 'AN', 'Weather', 6),
       (36, 'AN', 'Weather', 7),

       (37, 'AN', 'Alphabet', 25),
       (37, 'AN', 'Alphabet', 26),
       (37, 'AN', 'Alphabet', 51),
       (37, 'AN', 'Alphabet', 52),
       (37, 'AN', 'AN Story Phrases', 33),
       (37, 'AN', 'AN Story Phrases', 34),
       (37, 'AN', 'AN Story Phrases', 35),
       (37, 'AN', 'AN Story Phrases', 36),
       (37, 'AN', 'AN Story Phrases', 37),
       (37, 'AN', 'AN Story Phrases', 38),
       (37, 'AN', 'AN Story Phrases', 39),
       (37, 'AN', 'AN Story Phrases', 40),
       (37, 'AN', 'Calendar', 1),
       (37, 'AN', 'Calendar', 2),
       (37, 'AN', 'Calendar', 3),
       (37, 'AN', 'Calendar', 4),
       (37, 'AN', 'Calendar', 5),
       (37, 'AN', 'Calendar', 6),
       (37, 'AN', 'Calendar', 7),
       (37, 'AN', 'Calendar', 8),
       (37, 'AN', 'Calendar', 9),
       (37, 'AN', 'Calendar', 10),
       (37, 'AN', 'Calendar', 11),
       (37, 'AN', 'Calendar', 12),
       (37, 'AN', 'Calendar', 13),
       (37, 'AN', 'Calendar', 14),
       (37, 'AN', 'Calendar', 15),
       (37, 'AN', 'Calendar', 16),
       (37, 'AN', 'Calendar', 17),
       (37, 'AN', 'Calendar', 18),
       (37, 'AN', 'Calendar', 19),
       (37, 'AN', 'Food', 2),
       (37, 'AN', 'Food', 3),
       (37, 'AN', 'Food', 4),
       (37, 'AN', 'Food', 9),
       (37, 'AN', 'Food', 13),
       (37, 'AN', 'Food', 15),
       (37, 'AN', 'Food', 21),
       (37, 'AN', 'Food', 27),
       (37, 'AN', 'Numbers', 1),
       (37, 'AN', 'Numbers', 2),
       (37, 'AN', 'Numbers', 3),
       (37, 'AN', 'Numbers', 4),
       (37, 'AN', 'Numbers', 5),
       (37, 'AN', 'Numbers', 6),
       (37, 'AN', 'Numbers', 7),
       (37, 'AN', 'Numbers', 8),
       (37, 'AN', 'Numbers', 9),
       (37, 'AN', 'Numbers', 10),
       (37, 'AN', 'Numbers', 11),
       (37, 'AN', 'Numbers', 12),
       (37, 'AN', 'Numbers', 13),
       (37, 'AN', 'Numbers', 14),
       (37, 'AN', 'Numbers', 15),
       (37, 'AN', 'Numbers', 16),
       (37, 'AN', 'Numbers', 17),
       (37, 'AN', 'Numbers', 18),
       (37, 'AN', 'Numbers', 19),
       (37, 'AN', 'Numbers', 20),
       (37, 'AN', 'Prepositions', 1),
       (37, 'AN', 'Prepositions', 2),
       (37, 'AN', 'Prepositions', 3),
       (37, 'AN', 'Prepositions', 4),
       (37, 'AN', 'Supermarket Objects', 1),
       (37, 'AN', 'Supermarket Objects', 2),
       (37, 'AN', 'Supermarket Objects', 3),
       (37, 'AN', 'Supermarket Objects', 4),
       (37, 'AN', 'Supermarket Objects', 5),
       (37, 'AN', 'Supermarket Objects', 6),
       (37, 'AN', 'Supermarket Objects', 7),
       (37, 'AN', 'Weather', 1),
       (37, 'AN', 'Weather', 4),
       (37, 'AN', 'Weather', 5),
       (37, 'AN', 'Weather', 6),
       (37, 'AN', 'Weather', 7);

INSERT INTO schedule (lesson_week, lesson_course, date)
VALUES (1, 'AN', '2025-04-13'),
       (1, 'AN', '2025-04-14'),
       (1, 'AN', '2025-04-15'),
       (1, 'AN', '2025-04-16'),
       (1, 'AN', '2025-04-17'),
       (1, 'AN', '2025-04-18'),
       (1, 'AN', '2025-04-19'),
       (2, 'AN', '2025-04-20'),
       (2, 'AN', '2025-04-21'),
       (2, 'AN', '2025-04-22'),
       (2, 'AN', '2025-04-23'),
       (2, 'AN', '2025-04-24'),
       (2, 'AN', '2025-04-25'),
       (2, 'AN', '2025-04-26'),
       (3, 'AN', '2025-04-27'),
       (3, 'AN', '2025-04-28'),
       (3, 'AN', '2025-05-07'),
       (3, 'AN', '2025-05-08'),
       (3, 'AN', '2025-05-09'),
       (3, 'AN', '2025-05-10'),
       (4, 'AN', '2025-05-11'),
       (4, 'AN', '2025-05-12'),
       (3, 'AN', '2025-05-13'),
       (4, 'AN', '2025-05-14'),
       (4, 'AN', '2025-05-15'),
       (4, 'AN', '2025-05-16'),
       (4, 'AN', '2025-05-17'),
       (5, 'AN', '2025-05-18'),
       (5, 'AN', '2025-05-19'),
       (4, 'AN', '2025-05-20'),
       (5, 'AN', '2025-05-21'),
       (5, 'AN', '2025-05-22'),
       (5, 'AN', '2025-05-23'),
       (5, 'AN', '2025-05-24'),
       (6, 'AN', '2025-05-25'),
       (6, 'AN', '2025-05-26'),
       (5, 'AN', '2025-05-27'),
       (6, 'AN', '2025-05-28'),
       (6, 'AN', '2025-05-29'),
       (6, 'AN', '2025-05-30'),
       (6, 'AN', '2025-05-31'),
       (7, 'AN', '2025-06-01'),
       (7, 'AN', '2025-06-02'),
       (6, 'AN', '2025-06-03'),
       (7, 'AN', '2025-06-04'),
       (7, 'AN', '2025-06-05'),
       (7, 'AN', '2025-06-06'),
       (7, 'AN', '2025-06-07'),
       (8, 'AN', '2025-06-08'),
       (8, 'AN', '2025-06-09'),
       (7, 'AN', '2025-06-10'),
       (8, 'AN', '2025-06-11'),
       (8, 'AN', '2025-06-12'),
       (8, 'AN', '2025-06-13'),
       (8, 'AN', '2025-06-14'),
       (9, 'AN', '2025-06-15'),
       (9, 'AN', '2025-06-16'),
       (8, 'AN', '2025-06-17'),
       (9, 'AN', '2025-06-18'),
       (9, 'AN', '2025-06-19'),
       (9, 'AN', '2025-06-20'),
       (9, 'AN', '2025-06-21'),
       (10, 'AN', '2025-06-22'),
       (10, 'AN', '2025-06-23'),
       (9, 'AN', '2025-06-24'),
       (10, 'AN', '2025-06-25'),
       (10, 'AN', '2025-06-26'),
       (10, 'AN', '2025-06-27'),
       (10, 'AN', '2025-06-28'),
       (11, 'AN', '2025-06-29'),
       (11, 'AN', '2025-06-30'),
       (10, 'AN', '2025-07-01'),
       (11, 'AN', '2025-07-02'),
       (11, 'AN', '2025-07-03'),
       (11, 'AN', '2025-07-04'),
       (11, 'AN', '2025-07-05'),
       (12, 'AN', '2025-07-06'),
       (12, 'AN', '2025-07-07'),
       (11, 'AN', '2025-07-08'),
       (12, 'AN', '2025-07-09'),
       (12, 'AN', '2025-07-10'),
       (12, 'AN', '2025-07-11'),
       (12, 'AN', '2025-07-12'),
       (13, 'AN', '2025-07-13'),
       (13, 'AN', '2025-07-14'),
       (12, 'AN', '2025-07-15'),
       (13, 'AN', '2025-07-16'),
       (13, 'AN', '2025-07-17'),
       (13, 'AN', '2025-07-18'),
       (13, 'AN', '2025-07-19'),
       (14, 'AN', '2025-07-20'),
       (14, 'AN', '2025-07-28'),
       (15, 'AN', '2025-08-18'),
       (13, 'AN', '2025-08-19'),
       (14, 'AN', '2025-08-20'),
       (14, 'AN', '2025-08-21'),
       (14, 'AN', '2025-08-22'),
       (14, 'AN', '2025-08-23'),
       (15, 'AN', '2025-08-24'),
       (16, 'AN', '2025-08-25'),
       (14, 'AN', '2025-08-26'),
       (15, 'AN', '2025-08-27'),
       (15, 'AN', '2025-08-28'),
       (15, 'AN', '2025-08-29'),
       (15, 'AN', '2025-08-30'),
       (16, 'AN', '2025-08-31'),
       (17, 'AN', '2025-09-01'),
       (15, 'AN', '2025-09-02'),
       (16, 'AN', '2025-09-03'),
       (16, 'AN', '2025-09-04'),
       (16, 'AN', '2025-09-05'),
       (16, 'AN', '2025-09-06'),
       (17, 'AN', '2025-09-07'),
       (18, 'AN', '2025-09-08'),
       (16, 'AN', '2025-09-09'),
       (17, 'AN', '2025-09-10'),
       (17, 'AN', '2025-09-11'),
       (17, 'AN', '2025-09-12'),
       (17, 'AN', '2025-09-13'),
       (18, 'AN', '2025-09-14'),
       (17, 'AN', '2025-09-16'),
       (18, 'AN', '2025-09-17'),
       (18, 'AN', '2025-09-18'),
       (18, 'AN', '2025-09-19'),
       (18, 'AN', '2025-09-20'),
       (19, 'AN', '2025-09-21'),
       (19, 'AN', '2025-09-22'),
       (19, 'AN', '2025-09-24'),
       (19, 'AN', '2025-09-25'),
       (19, 'AN', '2025-09-26'),
       (19, 'AN', '2025-09-27'),
       (20, 'AN', '2025-09-28'),
       (20, 'AN', '2025-09-29'),
       (18, 'AN', '2025-09-30'),
       (20, 'AN', '2025-10-01'),
       (20, 'AN', '2025-10-02'),
       (20, 'AN', '2025-10-03'),
       (20, 'AN', '2025-10-04'),
       (21, 'AN', '2025-10-05'),
       (21, 'AN', '2025-10-06'),
       (19, 'AN', '2025-10-07'),
       (21, 'AN', '2025-10-08'),
       (21, 'AN', '2025-10-09'),
       (21, 'AN', '2025-10-10'),
       (21, 'AN', '2025-10-11'),
       (22, 'AN', '2025-10-19'),
       (22, 'AN', '2025-10-20'),
       (20, 'AN', '2025-10-21'),
       (22, 'AN', '2025-10-22'),
       (22, 'AN', '2025-10-23'),
       (22, 'AN', '2025-10-24'),
       (22, 'AN', '2025-11-01'),
       (23, 'AN', '2025-11-02'),
       (23, 'AN', '2025-11-07'),
       (23, 'AN', '2025-11-08'),
       (24, 'AN', '2025-11-09'),
       (23, 'AN', '2025-11-10'),
       (21, 'AN', '2025-11-11'),
       (23, 'AN', '2025-11-12'),
       (23, 'AN', '2025-11-13'),
       (24, 'AN', '2025-11-14'),
       (24, 'AN', '2025-11-15'),
       (25, 'AN', '2025-11-16'),
       (24, 'AN', '2025-11-17'),
       (22, 'AN', '2025-11-18'),
       (24, 'AN', '2025-11-19'),
       (24, 'AN', '2025-11-20'),
       (25, 'AN', '2025-11-21'),
       (25, 'AN', '2025-11-22'),
       (23, 'AN', '2025-11-25'),
       (25, 'AN', '2025-11-26'),
       (25, 'AN', '2025-11-27'),
       (26, 'AN', '2025-11-28'),
       (26, 'AN', '2025-11-29'),
       (26, 'AN', '2025-11-30'),
       (25, 'AN', '2025-12-01'),
       (24, 'AN', '2025-12-02'),
       (26, 'AN', '2025-12-03'),
       (26, 'AN', '2025-12-04'),
       (27, 'AN', '2025-12-05'),
       (27, 'AN', '2025-12-06'),
       (26, 'AN', '2025-12-08'),
       (25, 'AN', '2025-12-09'),
       (27, 'AN', '2025-12-10'),
       (27, 'AN', '2025-12-11'),
       (28, 'AN', '2025-12-12'),
       (28, 'AN', '2025-12-13'),
       (27, 'AN', '2025-12-14'),
       (27, 'AN', '2025-12-15'),
       (26, 'AN', '2025-12-16'),
       (27, 'AN', '2026-01-06'),
       (28, 'AN', '2026-01-07'),
       (28, 'AN', '2026-01-08'),
       (29, 'AN', '2026-01-09'),
       (29, 'AN', '2026-01-10'),
       (28, 'AN', '2026-01-11'),
       (28, 'AN', '2026-01-13'),
       (29, 'AN', '2026-01-14'),
       (29, 'AN', '2026-01-15'),
       (30, 'AN', '2026-01-16'),
       (30, 'AN', '2026-01-17'),
       (28, 'AN', '2026-01-19'),
       (29, 'AN', '2026-01-25'),
       (29, 'AN', '2026-01-26'),
       (29, 'AN', '2026-01-27'),
       (30, 'AN', '2026-01-28'),
       (30, 'AN', '2026-01-29'),
       (31, 'AN', '2026-01-30'),
       (31, 'AN', '2026-01-31'),
       (30, 'AN', '2026-02-01'),
       (30, 'AN', '2026-02-02'),
       (30, 'AN', '2026-02-03'),
       (31, 'AN', '2026-02-04'),
       (31, 'AN', '2026-02-05'),
       (32, 'AN', '2026-02-06'),
       (32, 'AN', '2026-02-07'),
       (31, 'AN', '2026-02-08'),
       (31, 'AN', '2026-02-09'),
       (31, 'AN', '2026-02-10'),
       (32, 'AN', '2026-02-15'),
       (32, 'AN', '2026-02-16'),
       (32, 'AN', '2026-02-17'),
       (32, 'AN', '2026-02-18'),
       (32, 'AN', '2026-02-19'),
       (33, 'AN', '2026-02-20'),
       (33, 'AN', '2026-02-21'),
       (33, 'AN', '2026-02-22'),
       (33, 'AN', '2026-02-24'),
       (33, 'AN', '2026-02-25'),
       (33, 'AN', '2026-02-26'),
       (34, 'AN', '2026-02-27'),
       (34, 'AN', '2026-02-28'),
       (34, 'AN', '2026-03-01'),
       (33, 'AN', '2026-03-02'),
       (34, 'AN', '2026-03-03'),
       (34, 'AN', '2026-03-04'),
       (34, 'AN', '2026-03-05'),
       (35, 'AN', '2026-03-06'),
       (35, 'AN', '2026-03-07'),
       (35, 'AN', '2026-03-08'),
       (34, 'AN', '2026-03-09'),
       (35, 'AN', '2026-03-10'),
       (35, 'AN', '2026-03-11'),
       (35, 'AN', '2026-03-12'),
       (36, 'AN', '2026-03-13'),
       (36, 'AN', '2026-03-14'),
       (36, 'AN', '2026-03-15'),
       (35, 'AN', '2026-03-16'),
       (36, 'AN', '2026-03-17'),
       (36, 'AN', '2026-03-18'),
       (36, 'AN', '2026-03-19'),
       (37, 'AN', '2026-03-21'),
       (37, 'AN', '2026-03-22'),
       (36, 'AN', '2026-03-23'),
       (37, 'AN', '2026-03-24'),
       (37, 'AN', '2026-03-25'),
       (37, 'AN', '2026-03-26'),
       (37, 'AN', '2026-03-27'),
       (37, 'AN', '2026-03-30');
